Rk,Player,Pos,Squad,Age,Born,MP,Starts,Min,90s,Gls,Ast,G-PK,PK,PKatt,CrdY,CrdR,Gls,Ast,G+A,G-PK,G+A-PK,xG,npxG,xA,npxG+xA,xG,xA,xG+xA,npxG,npxG+xA,Matches
1,Max Aarons,DF,Norwich City,21,2000,34,32,2881,32,0,2,0,0,0,8,0,0,0.06,0.06,0,0.06,0.7,0.7,1.4,2.1,0.02,0.04,0.07,0.02,0.07,Matches
2,Che Adams,FW,Southampton,25,1996,30,23,2039,22.7,7,3,7,0,0,0,0,0.31,0.13,0.44,0.31,0.44,7.1,7.1,2.6,9.7,0.31,0.12,0.43,0.31,0.43,Matches
3,Rayan Aït Nouri,DF,Wolves,20,2001,23,20,1828,20.3,1,2,1,0,0,4,0,0.05,0.1,0.15,0.05,0.15,0.7,0.7,1.3,2.1,0.04,0.07,0.1,0.04,0.1,Matches
4,Kristoffer Ajer,DF,Brentford,23,1998,24,23,1995,22.2,1,3,1,0,0,5,0,0.05,0.14,0.18,0.05,0.18,0.8,0.8,1.4,2.2,0.04,0.06,0.1,0.04,0.1,Matches
5,Nathan Aké,DF,Manchester City,26,1995,14,10,923,10.3,2,0,2,0,0,0,0,0.2,0,0.2,0.2,0.2,1.1,1.1,0.5,1.6,0.11,0.05,0.16,0.11,0.16,Matches
6,Marc Albrighton,FWDF,Leicester City,31,1989,17,11,1132,12.6,1,2,1,0,0,3,0,0.08,0.16,0.24,0.08,0.24,0.5,0.5,1.7,2.2,0.04,0.13,0.18,0.04,0.18,Matches
7,Thiago Alcántara,MF,Liverpool,30,1991,25,17,1534,17,1,4,1,0,0,2,0,0.06,0.23,0.29,0.06,0.29,1.8,1.8,2.3,4.2,0.11,0.14,0.25,0.11,0.25,Matches
8,Trent Alexander-Arnold,DF,Liverpool,22,1998,32,32,2853,31.7,2,12,2,0,0,2,0,0.06,0.38,0.44,0.06,0.44,2.7,2.7,11.2,13.9,0.08,0.35,0.44,0.08,0.44,Matches
9,Alisson,GK,Liverpool,28,1992,36,36,3240,36,0,1,0,0,0,0,0,0,0.03,0.03,0,0.03,0,0,0.4,0.4,0,0.01,0.01,0,0.01,Matches
10,Allan,MF,Everton,30,1991,28,25,2183,24.3,0,2,0,0,0,7,1,0,0.08,0.08,0,0.08,0.2,0.2,0.9,1.1,0.01,0.04,0.04,0.01,0.04,Matches
11,Dele Alli,MFFW,Tottenham,25,1996,10,8,657,7.3,1,0,0,1,1,1,0,0.14,0,0.14,0,0,1.5,0.7,0.8,1.5,0.2,0.11,0.31,0.1,0.21,Matches
12,Dele Alli,MF,Everton,25,1996,11,1,338,3.8,0,0,0,0,0,3,0,0,0,0,0,0,0.1,0.1,0.3,0.4,0.02,0.09,0.11,0.02,0.11,Matches
13,Miguel Almirón,MFFW,Newcastle Utd,27,1994,30,19,1716,19.1,1,0,1,0,0,2,0,0.05,0,0.05,0.05,0.05,2.1,2.1,0.7,2.7,0.11,0.03,0.14,0.11,0.14,Matches
14,Marcos Alonso,DF,Chelsea,30,1990,28,25,2167,24.1,4,4,4,0,0,8,0,0.17,0.17,0.33,0.17,0.33,3.3,3.3,4.6,7.9,0.14,0.19,0.33,0.14,0.33,Matches
15,Steven Alzate,MF,Brighton,22,1998,9,5,404,4.5,0,0,0,0,0,0,0,0,0,0,0,0,0.1,0.1,0.2,0.3,0.02,0.04,0.06,0.02,0.06,Matches
16,Daniel Amartey,DF,Leicester City,26,1994,28,23,2123,23.6,0,0,0,0,0,4,0,0,0,0,0,0,0,0,0.2,0.2,0,0.01,0.01,0,0.01,Matches
17,Joachim Andersen,DF,Crystal Palace,25,1996,34,32,2916,32.4,0,3,0,0,0,4,0,0,0.09,0.09,0,0.09,0.6,0.6,2,2.6,0.02,0.06,0.08,0.02,0.08,Matches
18,Michail Antonio,FW,West Ham,31,1990,36,34,2971,33,10,8,10,0,1,8,1,0.3,0.24,0.55,0.3,0.55,11.1,10.8,6.6,17.5,0.34,0.2,0.54,0.33,0.53,Matches
19,Cameron Archer,MFFW,Aston Villa,20,2001,3,0,27,0.3,0,0,0,0,0,0,0,0,0,0,0,0,0,0,0,0,0.07,0,0.07,0.07,0.07,Matches
20,Alphonse Areola,GK,West Ham,28,1993,1,1,90,1,0,0,0,0,0,0,0,0,0,0,0,0,0,0,0,0,0,0,0,0,0,Matches
21,Adam Armstrong,FW,Southampton,24,1997,23,17,1413,15.7,2,2,2,0,0,1,0,0.13,0.13,0.25,0.13,0.25,4.3,4.3,1.7,6,0.27,0.11,0.38,0.27,0.38,Matches
22,Stuart Armstrong,MF,Southampton,29,1992,25,15,1473,16.4,2,0,2,0,0,1,0,0.12,0,0.12,0.12,0.12,2.8,2.8,1.4,4.1,0.17,0.08,0.25,0.17,0.25,Matches
23,Kepa Arrizabalaga,GK,Chelsea,26,1994,4,4,360,4,0,0,0,0,0,0,0,0,0,0,0,0,0,0,0,0,0,0,0,0,0,Matches
24,Harrison Ashby,DF,West Ham,19,2001,1,0,7,0.1,0,0,0,0,0,0,0,0,0,0,0,0,0,0,0,0,0,0,0,0,0,Matches
25,Pierre-Emerick Aubameyang,FW,Arsenal,32,1989,14,12,1037,11.5,4,1,4,0,2,3,0,0.35,0.09,0.43,0.35,0.43,5.8,4.1,0.8,5,0.5,0.07,0.57,0.36,0.43,Matches
26,Jordan Ayew,FW,Crystal Palace,29,1991,31,23,2019,22.4,3,3,3,0,0,2,0,0.13,0.13,0.27,0.13,0.27,3.7,3.7,2.3,6.1,0.17,0.1,0.27,0.17,0.27,Matches
27,Luke Ayling,DF,Leeds United,29,1991,26,26,2272,25.2,2,2,2,0,0,4,1,0.08,0.08,0.16,0.08,0.16,1.6,1.6,0.8,2.4,0.06,0.03,0.1,0.06,0.1,Matches
28,César Azpilicueta,DF,Chelsea,31,1989,27,24,2070,23,1,2,1,0,0,3,0,0.04,0.09,0.13,0.04,0.13,1.2,1.2,2.1,3.3,0.05,0.09,0.14,0.05,0.14,Matches
29,Daniel Bachmann,GK,Watford,27,1994,12,12,1080,12,0,0,0,0,0,0,0,0,0,0,0,0,0,0,0,0,0,0,0,0,0,Matches
30,Leon Bailey,FWMF,Aston Villa,23,1997,18,7,761,8.5,1,2,1,0,0,3,0,0.12,0.24,0.35,0.12,0.35,1.6,1.6,0.6,2.2,0.19,0.07,0.26,0.19,0.26,Matches
31,Eric Bailly,DF,Manchester Utd,27,1994,4,3,217,2.4,0,0,0,0,0,1,0,0,0,0,0,0,0,0,0,0,0,0,0,0,0,Matches
32,Folarin Balogun,FW,Arsenal,20,2001,2,1,70,0.8,0,0,0,0,0,0,0,0,0,0,0,0,0.3,0.3,0,0.3,0.35,0,0.35,0.35,0.35,Matches
33,Patrick Bamford,FW,Leeds United,27,1993,9,7,559,6.2,2,2,2,0,0,2,0,0.32,0.32,0.64,0.32,0.64,3.9,3.9,1,4.9,0.63,0.15,0.78,0.63,0.78,Matches
34,Shandon Baptiste,MF,Brentford,23,1998,22,9,910,10.1,1,1,1,0,0,2,1,0.1,0.1,0.2,0.1,0.2,0.7,0.7,0.5,1.2,0.07,0.05,0.12,0.07,0.12,Matches
35,Ross Barkley,MF,Chelsea,27,1993,6,1,179,2,1,0,1,0,0,0,0,0.5,0,0.5,0.5,0.5,1.2,1.2,0.7,1.9,0.6,0.33,0.94,0.6,0.94,Matches
36,Ashley Barnes,FW,Burnley,31,1989,23,8,808,9,1,0,0,1,1,4,0,0.11,0,0.11,0,0,1.8,1,1.6,2.6,0.2,0.18,0.38,0.11,0.29,Matches
37,Harvey Barnes,FWMF,Leicester City,23,1997,32,24,2101,23.3,6,10,6,0,0,2,0,0.26,0.43,0.69,0.26,0.69,6.8,6.8,4,10.8,0.29,0.17,0.46,0.29,0.46,Matches
38,Lewis Bate,MF,Leeds United,18,2002,3,1,146,1.6,0,0,0,0,0,0,0,0,0,0,0,0,0,0,0,0,0.01,0,0.01,0.01,0.01,Matches
39,Mads Bech Sørensen,DF,Brentford,22,1999,11,9,835,9.3,0,0,0,0,0,3,0,0,0,0,0,0,0.1,0.1,0.4,0.5,0.01,0.04,0.05,0.01,0.05,Matches
40,Jan Bednarek,DF,Southampton,25,1996,31,30,2629,29.2,4,0,4,0,0,10,0,0.14,0,0.14,0.14,0.14,2.4,2.4,0.6,3,0.08,0.02,0.1,0.08,0.1,Matches
41,Donny van de Beek,MF,Manchester Utd,24,1997,8,0,75,0.8,1,0,1,0,0,0,0,1.2,0,1.2,1.2,1.2,0.7,0.7,0.5,1.2,0.88,0.58,1.46,0.88,1.46,Matches
42,Donny van de Beek,MF,Everton,24,1997,7,5,483,5.4,1,0,1,0,0,1,0,0.19,0,0.19,0.19,0.19,0.9,0.9,0.1,1,0.17,0.01,0.18,0.17,0.18,Matches
43,Asmir Begović,GK,Everton,34,1987,3,3,270,3,0,0,0,0,0,0,0,0,0,0,0,0,0,0,0,0,0,0,0,0,0,Matches
44,Saïd Benrahma,FWMF,West Ham,25,1995,32,26,2168,24.1,8,6,8,0,0,0,0,0.33,0.25,0.58,0.33,0.58,5.1,5.1,3.2,8.3,0.21,0.13,0.35,0.21,0.35,Matches
45,Rodrigo Bentancur,MF,Tottenham,24,1997,17,16,1361,15.1,0,4,0,0,0,5,0,0,0.26,0.26,0,0.26,0.9,0.9,2.3,3.2,0.06,0.15,0.21,0.06,0.21,Matches
46,Christian Benteke,FW,Crystal Palace,30,1990,25,11,1145,12.7,4,1,4,0,0,3,0,0.31,0.08,0.39,0.31,0.39,5.4,5.4,1.1,6.5,0.42,0.09,0.51,0.42,0.51,Matches
47,Jóhann Berg Guðmundsson,MF,Burnley,30,1990,18,13,1102,12.2,0,1,0,0,0,2,0,0,0.08,0.08,0,0.08,1.7,1.7,0.3,2,0.14,0.03,0.16,0.14,0.16,Matches
48,Steven Bergwijn,FWMF,Tottenham,23,1997,25,4,565,6.3,3,1,3,0,0,1,0,0.48,0.16,0.64,0.48,0.64,3.1,3.1,0.7,3.7,0.49,0.11,0.59,0.49,0.59,Matches
49,Ryan Bertrand,DF,Leicester City,31,1989,4,4,337,3.7,0,0,0,0,0,1,0,0,0,0,0,0,0,0,0.3,0.3,0,0.08,0.08,0,0.08,Matches
50,Mads Bidstrup,MF,Brentford,20,2001,4,0,41,0.5,0,0,0,0,0,0,0,0,0,0,0,0,0,0,0,0,0,0,0,0,0,Matches
51,Yves Bissouma,MF,Brighton,24,1996,26,25,2111,23.5,1,2,1,0,0,10,0,0.04,0.09,0.13,0.04,0.13,0.9,0.9,0.8,1.7,0.04,0.03,0.07,0.04,0.07,Matches
52,Willy Boly,DF,Wolves,30,1991,10,10,900,10,0,0,0,0,0,1,0,0,0,0,0,0,0.2,0.2,0.1,0.3,0.02,0.01,0.03,0.02,0.03,Matches
53,Jarrod Bowen,FW,West Ham,24,1996,36,34,2983,33.1,12,10,12,0,0,6,0,0.36,0.3,0.66,0.36,0.66,11.1,11.1,5.7,16.8,0.34,0.17,0.51,0.34,0.51,Matches
54,Jarrad Branthwaite,DF,Everton,19,2002,6,4,388,4.3,1,0,1,0,0,0,1,0.23,0,0.23,0.23,0.23,0.4,0.4,0,0.4,0.1,0,0.1,0.1,0.1,Matches
55,Armando Broja,FW,Southampton,19,2001,32,21,1975,21.9,6,0,6,0,0,2,0,0.27,0,0.27,0.27,0.27,7,7,1.3,8.4,0.32,0.06,0.38,0.32,0.38,Matches
56,Josh Brownhill,MF,Burnley,25,1995,35,32,2955,32.8,2,3,2,0,0,10,0,0.06,0.09,0.15,0.06,0.15,1.4,1.4,2.5,3.9,0.04,0.08,0.12,0.04,0.12,Matches
57,Lewis Brunt,MF,Leicester City,20,2000,1,0,24,0.3,0,0,0,0,0,0,0,0,0,0,0,0,0,0,0,0,0,0,0,0,0,Matches
58,Bryan,FWMF,Tottenham,20,2001,9,0,94,1,0,0,0,0,0,0,0,0,0,0,0,0,0,0,0.1,0.1,0.03,0.07,0.1,0.03,0.1,Matches
59,Emi Buendía,FWMF,Aston Villa,24,1996,35,22,1899,21.1,4,6,4,0,0,1,0,0.19,0.28,0.47,0.19,0.47,3.1,3.1,5.5,8.6,0.14,0.26,0.41,0.14,0.41,Matches
60,Dan Burn,DF,Newcastle Utd,29,1992,16,16,1440,16,0,1,0,0,0,4,0,0,0.06,0.06,0,0.06,0.5,0.5,0.1,0.6,0.03,0.01,0.04,0.03,0.04,Matches
61,Dan Burn,DF,Brighton,29,1992,13,12,1022,11.4,1,0,1,0,0,4,0,0.09,0,0.09,0.09,0.09,1.3,1.3,0,1.3,0.11,0,0.12,0.11,0.12,Matches
62,Jack Butland,GK,Crystal Palace,28,1993,9,8,765,8.5,0,0,0,0,0,0,0,0,0,0,0,0,0,0,0,0,0,0,0,0,0,Matches
63,Sam Byram,DF,Norwich City,27,1993,15,11,1027,11.4,0,0,0,0,0,3,0,0,0,0,0,0,0.9,0.9,0.2,1.1,0.08,0.02,0.1,0.08,0.1,Matches
64,Willy Caballero,GK,Southampton,39,1981,2,2,180,2,0,0,0,0,0,1,0,0,0,0,0,0,0,0,0,0,0,0,0,0,0,Matches
65,Moisés Caicedo,MF,Brighton,19,2001,8,8,660,7.3,1,1,1,0,0,2,0,0.14,0.14,0.27,0.14,0.27,0.8,0.8,0.4,1.1,0.1,0.05,0.16,0.1,0.16,Matches
66,Dominic Calvert-Lewin,FW,Everton,24,1997,17,15,1283,14.3,5,2,3,2,3,2,0,0.35,0.14,0.49,0.21,0.35,6.8,4.6,1.8,6.4,0.48,0.13,0.61,0.32,0.45,Matches
67,Chem Campbell,MF,Wolves,18,2002,1,0,13,0.1,0,0,0,0,0,0,0,0,0,0,0,0,0,0,0,0,0,0,0,0,0,Matches
68,João Cancelo,DF,Manchester City,27,1994,36,36,3227,35.9,1,7,1,0,0,7,0,0.03,0.2,0.22,0.03,0.22,4.1,4.1,5.1,9.3,0.12,0.14,0.26,0.12,0.26,Matches
69,Sergi Canós,DF,Brentford,24,1997,31,25,2083,23.1,3,2,3,0,0,8,1,0.13,0.09,0.22,0.13,0.22,3,3,1.9,4.9,0.13,0.08,0.21,0.13,0.21,Matches
70,Todd Cantwell,FWMF,Norwich City,23,1998,8,5,441,4.9,0,0,0,0,0,2,0,0,0,0,0,0,0.2,0.2,0.2,0.4,0.03,0.04,0.07,0.03,0.07,Matches
71,Matty Cash,DF,Aston Villa,23,1997,38,38,3377,37.5,4,3,4,0,0,8,0,0.11,0.08,0.19,0.11,0.19,2.4,2.4,1.9,4.4,0.07,0.05,0.12,0.07,0.12,Matches
72,Timothy Castagne,DF,Leicester City,25,1995,27,22,2127,23.6,1,0,1,0,0,1,0,0.04,0,0.04,0.04,0.04,0.8,0.8,1.3,2.1,0.03,0.05,0.09,0.03,0.09,Matches
73,Jonny Castro,DF,Wolves,27,1994,13,10,1024,11.4,2,0,2,0,0,1,0,0.18,0,0.18,0.18,0.18,0.8,0.8,1.2,2,0.07,0.1,0.17,0.07,0.17,Matches
74,Craig Cathcart,DF,Watford,32,1989,31,27,2396,26.6,0,1,0,0,0,3,0,0,0.04,0.04,0,0.04,0.1,0.1,0.3,0.5,0,0.01,0.02,0,0.02,Matches
75,Edinson Cavani,FW,Manchester Utd,34,1987,15,7,766,8.5,2,1,2,0,0,0,0,0.23,0.12,0.35,0.23,0.35,3.4,3.4,1.4,4.7,0.39,0.16,0.55,0.39,0.55,Matches
76,Kayky Chagas,FW,Manchester City,18,2003,1,0,7,0.1,0,0,0,0,0,0,0,0,0,0,0,0,0,0,0,0,0,0,0,0,0,Matches
77,Trevoh Chalobah,DF,Chelsea,22,1999,20,17,1449,16.1,3,1,3,0,0,2,0,0.19,0.06,0.25,0.19,0.25,1,1,0.2,1.2,0.06,0.01,0.08,0.06,0.08,Matches
78,Calum Chambers,DF,Arsenal,26,1995,2,2,170,1.9,0,0,0,0,0,0,0,0,0,0,0,0,0.1,0.1,0.1,0.1,0.05,0.03,0.07,0.05,0.07,Matches
79,Calum Chambers,DF,Aston Villa,26,1995,11,9,831,9.2,1,0,1,0,0,1,0,0.11,0,0.11,0.11,0.11,0.2,0.2,0.1,0.4,0.02,0.01,0.04,0.02,0.04,Matches
80,Daniel Chesters,MF,West Ham,19,2002,1,0,1,0,0,0,0,0,0,0,0,0,0,0,0,0,0,0,0,0,0,0,0,0,0,Matches
81,Ben Chilwell,DF,Chelsea,24,1996,7,6,542,6,3,1,3,0,0,0,0,0.5,0.17,0.66,0.5,0.66,1.2,1.2,0.9,2.1,0.19,0.15,0.34,0.19,0.34,Matches
82,Chiquinho,DFMF,Wolves,21,2000,8,1,208,2.3,0,3,0,0,0,0,0,0,1.3,1.3,0,1.3,0.3,0.3,0.6,0.9,0.13,0.27,0.41,0.13,0.41,Matches
83,Hamza Choudhury,DFMF,Leicester City,23,1997,6,4,285,3.2,0,0,0,0,0,1,0,0,0,0,0,0,0,0,0,0,0.01,0,0.01,0.01,0.01,Matches
84,Andreas Christensen,DF,Chelsea,25,1996,19,17,1496,16.6,0,0,0,0,0,2,0,0,0,0,0,0,0.4,0.4,0.2,0.7,0.03,0.01,0.04,0.03,0.04,Matches
85,Carney Chukwuemeka,MFFW,Aston Villa,17,2004,12,2,301,3.3,0,1,0,0,0,0,0,0,0.3,0.3,0,0.3,0.6,0.6,1,1.5,0.17,0.29,0.46,0.17,0.46,Matches
86,Ciaran Clark,DF,Newcastle Utd,31,1989,13,12,1014,11.3,0,1,0,0,0,2,1,0,0.09,0.09,0,0.09,0.8,0.8,0.3,1.1,0.07,0.03,0.1,0.07,0.1,Matches
87,Tom Cleverley,MF,Watford,31,1989,28,20,1616,18,0,2,0,0,0,2,0,0,0.11,0.11,0,0.11,0.8,0.8,2,2.9,0.05,0.11,0.16,0.05,0.16,Matches
88,Nathaniel Clyne,DF,Crystal Palace,30,1991,16,15,1351,15,0,1,0,0,0,1,0,0,0.07,0.07,0,0.07,0.1,0.1,0.5,0.6,0.01,0.03,0.04,0.01,0.04,Matches
89,Conor Coady,DF,Wolves,28,1993,38,38,3361,37.3,4,0,4,0,0,4,0,0.11,0,0.11,0.11,0.11,2,2,0,2,0.05,0,0.05,0.05,0.05,Matches
90,Séamus Coleman,DF,Everton,32,1988,30,30,2656,29.5,1,0,1,0,0,4,0,0.03,0,0.03,0.03,0.03,1,1,1.1,2.1,0.03,0.04,0.07,0.03,0.07,Matches
91,Nathan Collins,DF,Burnley,20,2001,19,18,1670,18.6,2,0,2,0,0,2,1,0.11,0,0.11,0.11,0.11,1.6,1.6,0.9,2.5,0.08,0.05,0.14,0.08,0.14,Matches
92,Aaron Connolly,FW,Brighton,21,2000,4,1,156,1.7,0,0,0,0,0,0,0,0,0,0,0,0,0.5,0.5,0.4,0.8,0.26,0.2,0.47,0.26,0.47,Matches
93,Liam Cooper,DF,Leeds United,29,1991,21,21,1814,20.2,0,1,0,0,0,5,0,0,0.05,0.05,0,0.05,0.3,0.3,0.1,0.4,0.02,0,0.02,0.02,0.02,Matches
94,Jack Cork,MF,Burnley,32,1989,20,20,1670,18.6,1,0,1,0,0,4,0,0.05,0,0.05,0.05,0.05,0.8,0.8,0.1,0.9,0.04,0.01,0.05,0.04,0.05,Matches
95,Maxwel Cornet,FWMF,Burnley,24,1996,26,21,1766,19.6,9,1,9,0,1,2,0,0.46,0.05,0.51,0.46,0.51,6.7,5.9,1.5,7.4,0.34,0.07,0.42,0.3,0.38,Matches
96,Hélder Costa,MF,Leeds United,27,1994,1,0,22,0.2,0,0,0,0,0,0,0,0,0,0,0,0,0,0,0,0,0.11,0,0.11,0.11,0.11,Matches
97,Vladimír Coufal,DF,West Ham,28,1992,28,25,2209,24.5,0,4,0,0,0,5,1,0,0.16,0.16,0,0.16,0.6,0.6,2.4,3,0.02,0.1,0.12,0.02,0.12,Matches
98,Philippe Coutinho,MFFW,Aston Villa,29,1992,19,16,1329,14.8,5,3,5,0,0,0,0,0.34,0.2,0.54,0.34,0.54,3.7,3.7,3.2,6.9,0.25,0.22,0.47,0.25,0.47,Matches
99,Aaron Cresswell,DF,West Ham,31,1989,31,31,2726,30.3,2,3,2,0,0,3,0,0.07,0.1,0.17,0.07,0.17,1.1,1.1,3.2,4.3,0.04,0.11,0.14,0.04,0.14,Matches
100,Charlie Cresswell,DF,Leeds United,18,2002,5,1,141,1.6,0,0,0,0,0,1,0,0,0,0,0,0,0.1,0.1,0,0.1,0.05,0,0.05,0.05,0.05,Matches
101,Cucho,FWMF,Watford,22,1999,25,11,1147,12.7,5,2,5,0,0,3,0,0.39,0.16,0.55,0.39,0.55,2.5,2.5,1.9,4.4,0.2,0.15,0.35,0.2,0.35,Matches
102,Marc Cucurella,DF,Brighton,23,1998,35,35,3089,34.3,1,1,1,0,0,6,0,0.03,0.03,0.06,0.03,0.06,0.7,0.7,2.7,3.4,0.02,0.08,0.1,0.02,0.1,Matches
103,Luke Cundle,MF,Wolves,19,2002,4,2,180,2,0,0,0,0,0,0,0,0,0,0,0,0,0,0,0.2,0.2,0,0.12,0.12,0,0.12,Matches
104,Patson Daka,FW,Leicester City,22,1998,23,13,1159,12.9,5,3,5,0,0,2,0,0.39,0.23,0.62,0.39,0.62,4.7,4.7,1.8,6.5,0.36,0.14,0.51,0.36,0.51,Matches
105,Stuart Dallas,DFMF,Leeds United,30,1991,34,34,2919,32.4,1,1,1,0,0,5,0,0.03,0.03,0.06,0.03,0.06,2,2,2.4,4.3,0.06,0.07,0.13,0.06,0.13,Matches
106,Diogo Dalot,DF,Manchester Utd,22,1999,24,19,1801,20,0,0,0,0,0,4,0,0,0,0,0,0,0.7,0.7,1,1.7,0.03,0.05,0.08,0.03,0.08,Matches
107,Karl Darlow,GK,Newcastle Utd,30,1990,8,8,720,8,0,0,0,0,0,1,0,0,0,0,0,0,0,0,0,0,0,0,0,0,0,Matches
108,Josh Dasilva,MFFW,Brentford,22,1998,9,2,257,2.9,0,0,0,0,0,0,1,0,0,0,0,0,0,0,0.1,0.2,0.02,0.04,0.05,0.02,0.05,Matches
109,Ben Davies,DF,Tottenham,28,1993,29,28,2538,28.2,1,1,1,0,0,6,0,0.04,0.04,0.07,0.04,0.07,1.8,1.8,0.6,2.3,0.06,0.02,0.08,0.06,0.08,Matches
110,Tom Davies,MF,Everton,23,1998,6,2,234,2.6,1,0,1,0,0,1,0,0.38,0,0.38,0.38,0.38,0.9,0.9,0,0.9,0.35,0,0.35,0.35,0.35,Matches
111,Keinan Davis,FW,Aston Villa,23,1998,1,0,12,0.1,0,0,0,0,0,0,0,0,0,0,0,0,0,0,0,0,0,0,0,0,0,Matches
112,Craig Dawson,DF,West Ham,31,1990,34,30,2754,30.6,2,2,2,0,0,5,1,0.07,0.07,0.13,0.07,0.13,2.9,2.9,0.5,3.3,0.09,0.01,0.11,0.09,0.11,Matches
113,Kevin De Bruyne,MF,Manchester City,30,1991,30,25,2201,24.5,15,8,15,0,0,2,0,0.61,0.33,0.94,0.61,0.94,6.4,6.4,9.5,15.9,0.26,0.39,0.65,0.26,0.65,Matches
114,Troy Deeney,FW,Watford,33,1988,2,0,25,0.3,0,0,0,0,0,0,0,0,0,0,0,0,0.4,0.4,0.1,0.5,1.45,0.32,1.77,1.45,1.77,Matches
115,Liam Delap,FW,Manchester City,18,2003,1,0,10,0.1,0,0,0,0,0,0,0,0,0,0,0,0,0,0,0,0,0,0,0,0,0,Matches
116,Fabian Delph,MF,Everton,31,1989,11,8,662,7.4,0,0,0,0,0,2,0,0,0,0,0,0,0,0,0.1,0.1,0.01,0.01,0.02,0.01,0.02,Matches
117,Leander Dendoncker,MF,Wolves,26,1995,30,21,1950,21.7,2,2,2,0,0,4,0,0.09,0.09,0.18,0.09,0.18,2.6,2.6,0.9,3.5,0.12,0.04,0.16,0.12,0.16,Matches
118,Emmanuel Dennis,FWMF,Watford,23,1997,33,30,2581,28.7,10,6,10,0,0,9,1,0.35,0.21,0.56,0.35,0.56,7.5,7.5,3.2,10.7,0.26,0.11,0.37,0.26,0.37,Matches
119,Kiernan Dewsbury Hall,MF,Leicester City,22,1998,28,23,2105,23.4,1,3,1,0,0,4,0,0.04,0.13,0.17,0.04,0.17,1.3,1.3,3,4.3,0.06,0.13,0.18,0.06,0.18,Matches
120,Ibrahima Diallo,MF,Southampton,22,1999,23,10,1023,11.4,0,2,0,0,0,1,0,0,0.18,0.18,0,0.18,0.5,0.5,1,1.4,0.04,0.09,0.13,0.04,0.13,Matches
121,Raphael Dias Belloli,FWMF,Leeds United,24,1996,35,34,2915,32.4,11,3,7,4,4,7,0,0.34,0.09,0.43,0.22,0.31,11.2,8.2,6.8,15,0.35,0.21,0.56,0.25,0.46,Matches
122,Rúben Dias,DF,Manchester City,24,1997,29,27,2402,26.7,2,4,2,0,0,5,0,0.07,0.15,0.22,0.07,0.22,2.2,2.2,2.4,4.6,0.08,0.09,0.17,0.08,0.17,Matches
123,Luis Díaz,FW,Liverpool,24,1997,13,11,958,10.6,4,3,4,0,0,0,0,0.38,0.28,0.66,0.38,0.66,4.5,4.5,1.8,6.3,0.42,0.17,0.59,0.42,0.59,Matches
124,Eric Dier,DF,Tottenham,27,1994,35,35,3071,34.1,0,0,0,0,0,1,0,0,0,0,0,0,1,1,1.4,2.4,0.03,0.04,0.07,0.03,0.07,Matches
125,Lucas Digne,DF,Aston Villa,28,1993,16,16,1269,14.1,0,4,0,0,0,2,0,0,0.28,0.28,0,0.28,0.6,0.6,2,2.6,0.04,0.14,0.18,0.04,0.18,Matches
126,Lucas Digne,DF,Everton,28,1993,13,13,1170,13,0,0,0,0,0,4,0,0,0,0,0,0,0.4,0.4,1.7,2.1,0.03,0.13,0.16,0.03,0.16,Matches
127,Virgil van Dijk,DF,Liverpool,30,1991,34,34,3060,34,3,1,3,0,0,3,0,0.09,0.03,0.12,0.09,0.12,2.4,2.4,0.4,2.8,0.07,0.01,0.08,0.07,0.08,Matches
128,Issa Diop,DF,West Ham,24,1997,13,10,963,10.7,0,1,0,0,0,0,0,0,0.09,0.09,0,0.09,0.1,0.1,0.1,0.3,0.01,0.01,0.02,0.01,0.02,Matches
129,Moussa Djenepo,MF,Southampton,23,1998,12,5,457,5.1,0,0,0,0,0,3,0,0,0,0,0,0,1.5,1.5,0.2,1.7,0.3,0.05,0.34,0.3,0.34,Matches
130,Lewis Dobbin,FWMF,Everton,18,2003,3,0,32,0.4,0,0,0,0,0,1,0,0,0,0,0,0,0,0,0,0,0,0,0,0,0,Matches
131,Matt Doherty,DF,Tottenham,29,1992,15,9,875,9.7,2,4,2,0,0,0,0,0.21,0.41,0.62,0.21,0.62,2.5,2.5,1.8,4.3,0.26,0.18,0.44,0.26,0.44,Matches
132,Gabriel Dos Santos,DF,Arsenal,23,1997,35,35,3063,34,5,0,5,0,0,8,1,0.15,0,0.15,0.15,0.15,2.7,2.7,0.8,3.5,0.08,0.02,0.1,0.08,0.1,Matches
133,Abdoulaye Doucouré,MF,Everton,28,1993,30,29,2537,28.2,2,4,2,0,0,6,0,0.07,0.14,0.21,0.07,0.21,2.7,2.7,2.2,4.9,0.1,0.08,0.17,0.1,0.17,Matches
134,Kieran Dowell,FWMF,Norwich City,23,1997,19,11,912,10.1,1,1,1,0,0,0,0,0.1,0.1,0.2,0.1,0.2,1.2,1.2,2,3.2,0.12,0.2,0.31,0.12,0.31,Matches
135,Cody Drameh,DF,Leeds United,19,2001,3,1,128,1.4,0,0,0,0,0,1,0,0,0,0,0,0,0,0,0,0,0,0.01,0.01,0,0.01,Matches
136,Martin Dúbravka,GK,Newcastle Utd,32,1989,26,26,2340,26,0,0,0,0,0,1,0,0,0,0,0,0,0,0,0.1,0.1,0,0,0,0,0,Matches
137,Shane Duffy,DF,Brighton,29,1992,18,15,1436,16,1,0,1,0,0,7,0,0.06,0,0.06,0.06,0.06,1.3,1.3,0.1,1.5,0.08,0.01,0.09,0.08,0.09,Matches
138,Paul Dummett,DF,Newcastle Utd,29,1991,3,2,198,2.2,0,0,0,0,0,2,0,0,0,0,0,0,0,0,0,0,0,0,0,0,0,Matches
139,Lewis Dunk,DF,Brighton,29,1991,29,29,2573,28.6,1,0,1,0,0,3,1,0.03,0,0.03,0.03,0.03,1.2,1.2,0.2,1.4,0.04,0.01,0.05,0.04,0.05,Matches
140,Ederson,GK,Manchester City,27,1993,37,37,3330,37,0,0,0,0,0,3,0,0,0,0,0,0,0,0,0.1,0.1,0,0,0,0,0,Matches
141,Odsonne Édouard,FW,Crystal Palace,23,1998,28,18,1564,17.4,6,3,5,1,1,4,0,0.35,0.17,0.52,0.29,0.46,6.9,6.1,2.3,8.4,0.39,0.13,0.53,0.35,0.48,Matches
142,CJ Egan-Riley,DF,Manchester City,18,2003,1,0,4,0,0,0,0,0,0,0,0,0,0,0,0,0,0,0,0,0,0,0,0,0,0,Matches
143,Anthony Elanga,FW,Manchester Utd,19,2002,21,14,1214,13.5,2,2,2,0,0,0,0,0.15,0.15,0.3,0.15,0.3,3,3,1.8,4.8,0.22,0.14,0.35,0.22,0.35,Matches
144,Harvey Elliott,MF,Liverpool,18,2003,6,4,346,3.8,0,0,0,0,0,0,0,0,0,0,0,0,0.9,0.9,0.5,1.4,0.23,0.12,0.35,0.23,0.35,Matches
145,Mohamed Elneny,MF,Arsenal,29,1992,14,8,806,9,0,2,0,0,0,1,0,0,0.22,0.22,0,0.22,0.2,0.2,0.6,0.7,0.02,0.06,0.08,0.02,0.08,Matches
146,Mohamed Elyounoussi,MFFW,Southampton,26,1994,30,23,2042,22.7,4,2,4,0,0,4,0,0.18,0.09,0.26,0.18,0.26,6,6,2.5,8.5,0.26,0.11,0.37,0.26,0.37,Matches
147,Emerson,DF,Tottenham,22,1999,31,26,2286,25.4,1,1,1,0,0,5,0,0.04,0.04,0.08,0.04,0.08,1.5,1.5,2.1,3.6,0.06,0.08,0.14,0.06,0.14,Matches
148,Christian Eriksen,MF,Brentford,29,1992,11,10,939,10.4,1,4,1,0,0,1,0,0.1,0.38,0.48,0.1,0.48,1.4,1.4,3.6,5,0.14,0.34,0.48,0.14,0.48,Matches
149,Oghenekaro Etebo,MF,Watford,25,1995,9,4,401,4.5,0,0,0,0,0,3,0,0,0,0,0,0,0,0,0.1,0.1,0.01,0.01,0.02,0.01,0.02,Matches
150,Jonny Evans,DF,Leicester City,33,1988,18,16,1348,15,1,1,1,0,0,3,0,0.07,0.07,0.13,0.07,0.13,0.7,0.7,0.6,1.3,0.05,0.04,0.09,0.05,0.09,Matches
151,Eberechi Eze,MFFW,Crystal Palace,23,1998,13,6,605,6.7,1,1,1,0,0,1,0,0.15,0.15,0.3,0.15,0.3,0.5,0.5,0.9,1.4,0.08,0.13,0.21,0.08,0.21,Matches
152,Łukasz Fabiański,GK,West Ham,36,1985,37,37,3330,37,0,0,0,0,0,2,0,0,0,0,0,0,0,0,0,0,0,0,0,0,0,Matches
153,Fabinho,MF,Liverpool,27,1993,29,26,2314,25.7,5,1,3,2,2,7,0,0.19,0.04,0.23,0.12,0.16,3.4,1.9,1.4,3.3,0.13,0.05,0.19,0.07,0.13,Matches
154,Kiko Femenía,DF,Watford,30,1991,27,26,2142,23.8,0,5,0,0,0,2,0,0,0.21,0.21,0,0.21,0.1,0.1,3.2,3.3,0,0.14,0.14,0,0.14,Matches
155,Evan Ferguson,MF,Brighton,16,2004,1,0,23,0.3,0,0,0,0,0,0,0,0,0,0,0,0,0,0,0,0,0,0,0,0,0,Matches
156,Nathan Ferguson,DF,Crystal Palace,20,2000,1,0,9,0.1,0,0,0,0,0,0,0,0,0,0,0,0,0,0,0,0,0,0,0,0,0,Matches
157,Bruno Fernandes,MF,Manchester Utd,26,1994,36,35,3111,34.6,10,6,10,0,2,10,0,0.29,0.17,0.46,0.29,0.46,9.7,8.2,8.4,16.6,0.28,0.24,0.53,0.24,0.48,Matches
158,Álvaro Fernández,GK,Brentford,23,1998,12,12,1080,12,0,0,0,0,0,0,0,0,0,0,0,0,0,0,0,0,0,0,0,0,0,Matches
159,Federico Fernández,DF,Newcastle Utd,32,1989,7,5,523,5.8,0,0,0,0,0,0,0,0,0,0,0,0,0.4,0.4,0.3,0.8,0.07,0.06,0.13,0.07,0.13,Matches
160,Fernandinho,MFDF,Manchester City,36,1985,19,10,964,10.7,2,1,2,0,0,1,0,0.19,0.09,0.28,0.19,0.28,1.6,1.6,0.9,2.5,0.15,0.08,0.24,0.15,0.24,Matches
161,Roberto Firmino,FW,Liverpool,29,1991,20,10,990,11,5,4,5,0,0,3,0,0.45,0.36,0.82,0.45,0.82,5,5,2.4,7.4,0.46,0.22,0.67,0.46,0.67,Matches
162,Junior Firpo,DF,Leeds United,24,1996,24,19,1711,19,0,2,0,0,0,11,0,0,0.11,0.11,0,0.11,0.9,0.9,2.6,3.5,0.05,0.13,0.18,0.05,0.18,Matches
163,Ashley Fletcher,FW,Watford,25,1995,3,0,30,0.3,0,0,0,0,0,0,0,0,0,0,0,0,0.4,0.4,0,0.4,1.16,0,1.16,1.16,1.16,Matches
164,Phil Foden,FW,Manchester City,21,2000,28,24,2128,23.6,9,5,9,0,0,1,0,0.38,0.21,0.59,0.38,0.59,9.1,9.1,6.6,15.7,0.38,0.28,0.66,0.38,0.66,Matches
165,Wesley Fofana,DF,Leicester City,20,2000,7,7,630,7,0,0,0,0,0,2,0,0,0,0,0,0,0.2,0.2,0,0.3,0.03,0,0.04,0.03,0.04,Matches
166,Pablo Fornals,FWMF,West Ham,25,1996,36,32,2795,31.1,6,3,6,0,0,4,0,0.19,0.1,0.29,0.19,0.29,5,5,5.6,10.6,0.16,0.18,0.34,0.16,0.34,Matches
167,Adam Forshaw,MF,Leeds United,29,1991,22,17,1530,17,0,1,0,0,0,5,0,0,0.06,0.06,0,0.06,0.4,0.4,1.1,1.5,0.02,0.07,0.09,0.02,0.09,Matches
168,Marcus Forss,FWMF,Brentford,22,1999,7,1,209,2.3,0,1,0,0,0,0,0,0,0.43,0.43,0,0.43,0.2,0.2,0,0.2,0.1,0,0.1,0.1,0.1,Matches
169,Fraser Forster,GK,Southampton,33,1988,19,19,1710,19,0,0,0,0,0,1,0,0,0,0,0,0,0,0,0,0,0,0,0,0,0,Matches
170,Ben Foster,GK,Watford,38,1983,26,26,2340,26,0,1,0,0,0,0,0,0,0.04,0.04,0,0.04,0,0,0.2,0.2,0,0.01,0.01,0,0.01,Matches
171,Tariqe Fosu,DF,Brentford,25,1995,1,0,17,0.2,0,0,0,0,0,0,0,0,0,0,0,0,0,0,0,0,0.16,0,0.16,0.16,0.16,Matches
172,Ryan Fraser,FWMF,Newcastle Utd,27,1994,27,18,1465,16.3,2,3,2,0,0,3,0,0.12,0.18,0.31,0.12,0.31,2.8,2.8,2.2,5.1,0.17,0.14,0.31,0.17,0.31,Matches
173,Fred,MF,Manchester Utd,28,1993,28,24,2028,22.5,4,4,4,0,0,5,0,0.18,0.18,0.36,0.18,0.36,1.5,1.5,2,3.4,0.07,0.09,0.15,0.07,0.15,Matches
174,Ryan Fredericks,DF,West Ham,28,1992,7,3,307,3.4,0,0,0,0,0,1,0,0,0,0,0,0,0,0,0.1,0.1,0,0.03,0.03,0,0.03,Matches
175,Leo Fuhr Hjelde,DF,Leeds United,17,2003,2,0,150,1.7,0,0,0,0,0,0,0,0,0,0,0,0,0,0,0,0,0,0.02,0.02,0,0.02,Matches
176,Conor Gallagher,MF,Crystal Palace,21,2000,34,33,2845,31.6,8,3,8,0,0,10,0,0.25,0.09,0.35,0.25,0.35,5.8,5.8,3.5,9.3,0.18,0.11,0.29,0.18,0.29,Matches
177,Alejandro Garnacho,FW,Manchester Utd,17,2004,2,0,13,0.1,0,0,0,0,0,0,0,0,0,0,0,0,0,0,0,0,0,0,0,0,0,Matches
178,Dwight Gayle,FW,Newcastle Utd,30,1990,8,0,38,0.4,0,0,0,0,0,1,0,0,0,0,0,0,0.3,0.3,0.5,0.8,0.71,1.19,1.89,0.71,1.89,Matches
179,Jean-Philippe Gbamin,MF,Everton,25,1995,3,1,67,0.7,0,0,0,0,0,0,0,0,0,0,0,0,0,0,0,0,0,0,0,0,0,Matches
180,David de Gea,GK,Manchester Utd,30,1990,38,38,3420,38,0,0,0,0,0,0,0,0,0,0,0,0,0,0,0,0,0,0,0,0,0,Matches
181,Joe Gelhardt,FWMF,Leeds United,19,2002,20,5,746,8.3,2,2,2,0,0,4,0,0.24,0.24,0.48,0.24,0.48,3.1,3.1,1.5,4.7,0.38,0.19,0.56,0.38,0.56,Matches
182,Anwar El Ghazi,FWMF,Aston Villa,26,1995,9,4,386,4.3,1,1,0,1,1,2,0,0.23,0.23,0.47,0,0.23,1.1,0.3,0.4,0.7,0.25,0.09,0.33,0.07,0.16,Matches
183,Anwar El Ghazi,FW,Everton,26,1995,2,0,13,0.1,0,0,0,0,0,0,0,0,0,0,0,0,0,0,0,0,0,0,0,0,0,Matches
184,Saman Ghoddos,DFMF,Brentford,27,1993,17,4,536,6,1,1,1,0,0,2,0,0.17,0.17,0.34,0.17,0.34,0.6,0.6,1.2,1.9,0.11,0.21,0.32,0.11,0.32,Matches
185,Dimitris Giannoulis,DF,Norwich City,25,1995,18,14,1169,13,0,1,0,0,0,2,0,0,0.08,0.08,0,0.08,0.2,0.2,0.5,0.6,0.01,0.04,0.05,0.01,0.05,Matches
186,Morgan Gibbs-White,FWMF,Wolves,21,2000,2,0,9,0.1,0,0,0,0,0,1,0,0,0,0,0,0,0.1,0.1,0,0.1,1.22,0,1.22,1.22,1.22,Matches
187,Ben Gibson,DF,Norwich City,28,1993,28,28,2494,27.7,0,0,0,0,0,5,1,0,0,0,0,0,1.2,1.2,0,1.2,0.04,0,0.04,0.04,0.04,Matches
188,Billy Gilmour,MF,Norwich City,20,2001,24,21,1855,20.6,0,1,0,0,0,2,0,0,0.05,0.05,0,0.05,1,1,2,3,0.05,0.1,0.14,0.05,0.14,Matches
189,Ben Godfrey,DF,Everton,23,1998,23,23,2029,22.5,0,0,0,0,0,6,0,0,0,0,0,0,1.1,1.1,0.7,1.9,0.05,0.03,0.08,0.05,0.08,Matches
190,André Gomes,MF,Everton,28,1993,14,7,619,6.9,0,1,0,0,0,3,0,0,0.15,0.15,0,0.15,0.7,0.7,0.2,0.9,0.1,0.03,0.13,0.1,0.13,Matches
191,Toti Gomes,DF,Wolves,22,1999,4,4,360,4,0,0,0,0,0,1,0,0,0,0,0,0,0.1,0.1,0,0.1,0.01,0,0.01,0.01,0.01,Matches
192,Joe Gomez,DF,Liverpool,24,1997,8,4,331,3.7,0,1,0,0,0,2,0,0,0.27,0.27,0,0.27,0,0,0.5,0.5,0,0.13,0.13,0,0.13,Matches
193,Charlie Goode,DF,Brentford,25,1995,6,4,450,5,0,0,0,0,0,3,0,0,0,0,0,0,0.1,0.1,0.3,0.5,0.03,0.07,0.1,0.03,0.1,Matches
194,Anthony Gordon,MFFW,Everton,20,2001,35,25,2285,25.4,4,2,4,0,0,4,0,0.16,0.08,0.24,0.16,0.24,3.4,3.4,3.3,6.7,0.13,0.13,0.26,0.13,0.26,Matches
195,Kaide Gordon,FW,Liverpool,16,2004,1,0,9,0.1,0,0,0,0,0,0,0,0,0,0,0,0,0.4,0.4,0,0.4,4.48,0,4.48,4.48,4.48,Matches
196,Dan Gosling,MF,Watford,31,1990,4,2,166,1.8,1,0,1,0,0,0,0,0.54,0,0.54,0.54,0.54,0.2,0.2,0,0.2,0.1,0.01,0.11,0.1,0.11,Matches
197,Demarai Gray,MFFW,Everton,25,1996,34,28,2338,26,5,4,5,0,0,3,0,0.19,0.15,0.35,0.19,0.35,4.5,4.5,4.3,8.8,0.17,0.16,0.34,0.17,0.34,Matches
198,Jack Grealish,FW,Manchester City,25,1995,26,22,1914,21.3,3,3,3,0,0,3,0,0.14,0.14,0.28,0.14,0.28,4.8,4.8,6.3,11.1,0.22,0.3,0.52,0.22,0.52,Matches
199,Mason Greenwood,FWMF,Manchester Utd,19,2001,18,16,1271,14.1,5,1,5,0,0,1,0,0.35,0.07,0.42,0.35,0.42,4.4,4.4,1.6,6,0.31,0.11,0.42,0.31,0.42,Matches
200,Sam Greenwood,MFFW,Leeds United,19,2002,7,1,237,2.6,0,2,0,0,0,0,0,0,0.76,0.76,0,0.76,0.4,0.4,0.7,1.1,0.14,0.28,0.42,0.14,0.42,Matches
201,Pascal Groß,MFDF,Brighton,30,1991,29,24,2038,22.6,2,4,2,0,1,1,0,0.09,0.18,0.26,0.09,0.26,2.9,2.2,5.3,7.5,0.13,0.24,0.36,0.1,0.33,Matches
202,Vicente Guaita,GK,Crystal Palace,34,1987,30,30,2655,29.5,0,0,0,0,0,2,0,0,0,0,0,0,0,0,0,0,0,0,0,0,0,Matches
203,Marc Guéhi,DF,Crystal Palace,21,2000,36,36,3222,35.8,2,1,2,0,0,4,0,0.06,0.03,0.08,0.06,0.08,1.9,1.9,0.5,2.4,0.05,0.01,0.07,0.05,0.07,Matches
204,Bruno Guimarães,MF,Newcastle Utd,23,1997,17,11,1034,11.5,5,1,5,0,0,4,0,0.44,0.09,0.52,0.44,0.52,2.9,2.9,1.8,4.7,0.25,0.16,0.41,0.25,0.41,Matches
205,İlkay Gündoğan,MF,Manchester City,30,1990,27,20,1857,20.6,8,4,8,0,0,1,0,0.39,0.19,0.58,0.39,0.58,8.6,8.6,4.2,12.8,0.42,0.2,0.62,0.42,0.62,Matches
206,Angus Gunn,GK,Norwich City,25,1996,9,9,810,9,0,0,0,0,0,0,0,0,0,0,0,0,0,0,0,0,0,0,0,0,0,Matches
207,Grant Hanley,DF,Norwich City,29,1991,33,33,2897,32.2,1,0,1,0,0,2,0,0.03,0,0.03,0.03,0.03,1.9,1.9,0.3,2.1,0.06,0.01,0.07,0.06,0.07,Matches
208,Jack Harrison,FWMF,Leeds United,24,1996,35,32,2639,29.3,8,1,8,0,0,3,0,0.27,0.03,0.31,0.27,0.31,4,4,2.6,6.6,0.14,0.09,0.22,0.14,0.22,Matches
209,Kortney Hause,DF,Aston Villa,26,1995,7,4,397,4.4,1,0,1,0,0,0,0,0.23,0,0.23,0.23,0.23,0.1,0.1,0,0.1,0.02,0,0.02,0.02,0.02,Matches
210,Kai Havertz,FWMF,Chelsea,22,1999,29,22,1809,20.1,8,3,8,0,0,3,0,0.4,0.15,0.55,0.4,0.55,9.7,9.7,2,11.6,0.48,0.1,0.58,0.48,0.58,Matches
211,Isaac Hayden,MFDF,Newcastle Utd,26,1995,14,12,1002,11.1,1,0,1,0,0,5,0,0.09,0,0.09,0.09,0.09,0.4,0.4,0.1,0.5,0.04,0.01,0.05,0.04,0.05,Matches
212,Hwang Hee-chan,FWMF,Wolves,25,1996,30,20,1816,20.2,5,1,5,0,0,2,0,0.25,0.05,0.3,0.25,0.3,4,4,1.7,5.7,0.2,0.08,0.28,0.2,0.28,Matches
213,Jordan Henderson,MF,Liverpool,31,1990,35,29,2597,28.9,2,5,2,0,0,3,0,0.07,0.17,0.24,0.07,0.24,1.5,1.5,3.8,5.3,0.05,0.13,0.18,0.05,0.18,Matches
214,Jeff Hendrick,MF,Newcastle Utd,29,1992,3,0,72,0.8,1,0,1,0,0,0,0,1.25,0,1.25,1.25,1.25,0,0,0,0.1,0.04,0.06,0.1,0.04,0.1,Matches
215,Wayne Hennessey,GK,Burnley,34,1987,2,2,180,2,0,0,0,0,0,0,0,0,0,0,0,0,0,0,0.1,0.1,0,0.06,0.06,0,0.06,Matches
216,Rico Henry,DF,Brentford,24,1997,34,33,2776,30.8,3,0,3,0,0,2,0,0.1,0,0.1,0.1,0.1,1.8,1.8,1.7,3.5,0.06,0.06,0.11,0.06,0.11,Matches
217,Son Heung-min,FWMF,Tottenham,29,1992,35,35,3006,33.4,23,7,23,0,0,2,0,0.69,0.21,0.9,0.69,0.9,16.4,16.4,8.1,24.5,0.49,0.24,0.73,0.49,0.73,Matches
218,Ki-Jana Hoever,DF,Wolves,19,2002,8,4,308,3.4,0,0,0,0,0,1,0,0,0,0,0,0,0,0,0,0.1,0.01,0.01,0.02,0.01,0.02,Matches
219,Rob Holding,DF,Arsenal,25,1995,15,9,845,9.4,1,0,1,0,0,4,1,0.11,0,0.11,0.11,0.11,0.3,0.3,0,0.3,0.03,0,0.03,0.03,0.03,Matches
220,Mason Holgate,DF,Everton,24,1996,25,23,2134,23.7,2,1,2,0,0,7,1,0.08,0.04,0.13,0.08,0.13,1.1,1.1,0.1,1.1,0.05,0,0.05,0.05,0.05,Matches
221,Callum Hudson-Odoi,FWMF,Chelsea,20,2000,15,11,962,10.7,1,2,1,0,0,1,0,0.09,0.19,0.28,0.09,0.28,2.1,2.1,2.3,4.4,0.2,0.21,0.41,0.2,0.41,Matches
222,Will Hughes,MF,Crystal Palace,26,1995,16,13,1053,11.7,0,1,0,0,0,6,0,0,0.09,0.09,0,0.09,0.2,0.2,0.7,0.8,0.01,0.06,0.07,0.01,0.07,Matches
223,Pierre Højbjerg,MF,Tottenham,25,1995,36,36,3196,35.5,2,2,2,0,0,3,0,0.06,0.06,0.11,0.06,0.11,2,2,2.5,4.5,0.06,0.07,0.13,0.06,0.13,Matches
224,Adam Idah,FWMF,Norwich City,20,2001,17,6,625,6.9,1,1,1,0,0,0,0,0.14,0.14,0.29,0.14,0.29,2,2,0.6,2.6,0.28,0.09,0.37,0.28,0.37,Matches
225,Kelechi Iheanacho,FW,Leicester City,24,1996,26,13,1264,14,4,5,4,0,0,1,0,0.28,0.36,0.64,0.28,0.64,3.4,3.4,2.7,6.1,0.25,0.19,0.44,0.25,0.44,Matches
226,Danny Ings,FW,Aston Villa,29,1992,30,22,1898,21.1,7,6,6,1,1,4,0,0.33,0.28,0.62,0.28,0.57,7.3,6.6,2,8.6,0.35,0.1,0.44,0.31,0.41,Matches
227,Tim Iroegbunam,MF,Aston Villa,18,2003,3,1,92,1,0,0,0,0,0,1,0,0,0,0,0,0,0.1,0.1,0,0.1,0.13,0,0.13,0.13,0.13,Matches
228,Alex Iwobi,MFDF,Everton,25,1996,28,22,2035,22.6,2,2,2,0,0,1,0,0.09,0.09,0.18,0.09,0.18,1.7,1.7,2.8,4.5,0.07,0.13,0.2,0.07,0.2,Matches
229,Daniel James,FW,Manchester Utd,23,1997,2,2,126,1.4,0,0,0,0,0,0,0,0,0,0,0,0,0.2,0.2,0,0.3,0.17,0.01,0.19,0.17,0.19,Matches
230,Daniel James,FWMF,Leeds United,23,1997,32,29,2366,26.3,4,4,4,0,0,7,1,0.15,0.15,0.3,0.15,0.3,5.7,5.7,2.4,8.1,0.22,0.09,0.31,0.22,0.31,Matches
231,Reece James,DF,Chelsea,21,1999,26,22,1864,20.7,5,9,5,0,0,4,1,0.24,0.43,0.68,0.24,0.68,2.6,2.6,5.7,8.3,0.12,0.28,0.4,0.12,0.4,Matches
232,Vitaly Janelt,MF,Brentford,23,1998,31,27,2298,25.5,4,0,4,0,0,3,0,0.16,0,0.16,0.16,0.16,2.6,2.6,2.2,4.8,0.1,0.09,0.19,0.1,0.19,Matches
233,Pontus Jansson,DF,Brentford,30,1991,37,37,3321,36.9,3,1,3,0,0,7,0,0.08,0.03,0.11,0.08,0.11,2.9,2.9,0.5,3.4,0.08,0.01,0.09,0.08,0.09,Matches
234,Mathias Jensen,MF,Brentford,25,1996,31,19,1601,17.8,0,1,0,0,0,0,0,0,0.06,0.06,0,0.06,2.5,2.5,3.6,6.1,0.14,0.2,0.34,0.14,0.34,Matches
235,Gabriel Jesus,FW,Manchester City,24,1997,28,21,1877,20.9,8,8,7,1,1,1,0,0.38,0.38,0.77,0.34,0.72,10.1,9.4,5.4,14.7,0.49,0.26,0.74,0.45,0.71,Matches
236,Raúl Jiménez,FW,Wolves,30,1991,34,30,2631,29.2,6,4,5,1,1,9,2,0.21,0.14,0.34,0.17,0.31,6.6,6.1,2.7,8.7,0.23,0.09,0.32,0.21,0.3,Matches
237,Joelinton,MFFW,Newcastle Utd,24,1996,35,30,2558,28.4,4,1,4,0,0,8,0,0.14,0.04,0.18,0.14,0.18,4.1,4.1,1.8,6,0.15,0.06,0.21,0.15,0.21,Matches
238,Ben Johnson,DF,West Ham,21,2000,20,16,1397,15.5,1,0,1,0,0,1,0,0.06,0,0.06,0.06,0.06,0.1,0.1,0.8,0.9,0.01,0.05,0.06,0.01,0.06,Matches
239,Curtis Jones,MF,Liverpool,20,2001,15,10,851,9.5,1,1,1,0,0,0,0,0.11,0.11,0.21,0.11,0.21,0.9,0.9,0.6,1.6,0.1,0.07,0.16,0.1,0.16,Matches
240,Phil Jones,DF,Manchester Utd,29,1992,4,2,163,1.8,0,0,0,0,0,0,0,0,0,0,0,0,0,0,0,0,0,0.01,0.01,0,0.01,Matches
241,Jorginho,MF,Chelsea,29,1991,29,26,2273,25.3,6,2,0,6,7,5,0,0.24,0.08,0.32,0,0.08,5.7,0.4,2.8,3.2,0.23,0.11,0.34,0.02,0.13,Matches
242,Diogo Jota,FW,Liverpool,24,1996,35,27,2364,26.3,15,4,15,0,0,3,0,0.57,0.15,0.72,0.57,0.72,16.1,16.1,5.5,21.6,0.61,0.21,0.82,0.61,0.82,Matches
243,James Justin,DF,Leicester City,23,1998,13,11,998,11.1,0,0,0,0,0,0,0,0,0,0,0,0,0.6,0.6,1,1.6,0.06,0.09,0.14,0.06,0.14,Matches
244,Mathias Jørgensen,DF,Brentford,31,1990,8,6,518,5.8,1,0,1,0,0,2,0,0.17,0,0.17,0.17,0.17,0.1,0.1,0.1,0.2,0.02,0.02,0.03,0.02,0.03,Matches
245,Ozan Kabak,DF,Norwich City,21,2000,11,11,922,10.2,0,0,0,0,0,2,0,0,0,0,0,0,0.2,0.2,0,0.2,0.02,0,0.02,0.02,0.02,Matches
246,Christian Kabasele,DF,Watford,30,1991,16,12,1193,13.3,0,0,0,0,0,0,0,0,0,0,0,0,0.7,0.7,0,0.8,0.05,0,0.06,0.05,0.06,Matches
247,Samuel Kalu,FW,Watford,23,1997,4,2,222,2.5,0,0,0,0,0,0,0,0,0,0,0,0,0.3,0.3,0.2,0.4,0.12,0.06,0.18,0.12,0.18,Matches
248,Hassane Kamara,DF,Watford,27,1994,19,18,1623,18,1,0,1,0,0,5,1,0.06,0,0.06,0.06,0.06,0.2,0.2,0.4,0.6,0.01,0.02,0.03,0.01,0.03,Matches
249,Harry Kane,FW,Tottenham,28,1993,37,36,3232,35.9,17,9,13,4,4,5,0,0.47,0.25,0.72,0.36,0.61,20.1,17.1,9,26.1,0.56,0.25,0.81,0.48,0.73,Matches
250,N'Golo Kanté,MF,Chelsea,30,1991,26,21,1773,19.7,2,4,2,0,0,2,0,0.1,0.2,0.3,0.1,0.3,1.8,1.8,2.3,4.2,0.09,0.12,0.21,0.09,0.21,Matches
251,Edo Kayembe,MF,Watford,22,1998,13,9,799,8.9,0,0,0,0,0,0,0,0,0,0,0,0,0.2,0.2,0.3,0.5,0.02,0.03,0.06,0.02,0.06,Matches
252,Moise Kean,FW,Everton,21,2000,1,0,1,0,0,0,0,0,0,0,0,0,0,0,0,0,0,0,0,0,0,0,0,0,0,Matches
253,Michael Keane,DF,Everton,28,1993,32,31,2792,31,3,2,3,0,0,4,1,0.1,0.06,0.16,0.1,0.16,1.2,1.2,0.6,1.8,0.04,0.02,0.06,0.04,0.06,Matches
254,Naby Keïta,MF,Liverpool,26,1995,23,14,1173,13,3,1,3,0,0,3,0,0.23,0.08,0.31,0.23,0.31,2.3,2.3,1.6,3.9,0.18,0.12,0.3,0.18,0.3,Matches
255,Caoimhín Kelleher,GK,Liverpool,22,1998,2,2,180,2,0,0,0,0,0,0,0,0,0,0,0,0,0,0,0,0,0,0,0,0,0,Matches
256,Kenedy,DF,Chelsea,25,1996,1,1,58,0.6,0,1,0,0,0,0,0,0,1.55,1.55,0,1.55,0.1,0.1,0.9,1,0.13,1.35,1.48,0.13,1.48,Matches
257,Jonjoe Kenny,DF,Everton,24,1997,15,11,1018,11.3,0,1,0,0,0,3,1,0,0.09,0.09,0,0.09,0.3,0.3,0.5,0.9,0.03,0.05,0.08,0.03,0.08,Matches
258,Max Kilman,DF,Wolves,24,1997,30,30,2687,29.9,1,0,1,0,0,3,0,0.03,0,0.03,0.03,0.03,1,1,0,1,0.03,0,0.03,0.03,0.03,Matches
259,Joshua King,FW,Watford,29,1992,32,27,2248,25,5,3,4,1,1,5,0,0.2,0.12,0.32,0.16,0.28,8,7.2,3.2,10.4,0.32,0.13,0.45,0.29,0.42,Matches
260,Kristoffer Klaesson,GK,Leeds United,20,2000,1,0,36,0.4,0,0,0,0,0,0,0,0,0,0,0,0,0,0,0,0,0,0,0,0,0,Matches
261,Mateusz Klich,MF,Leeds United,31,1990,33,26,2073,23,1,2,1,0,0,5,0,0.04,0.09,0.13,0.04,0.13,2.7,2.7,2.2,4.9,0.12,0.09,0.21,0.12,0.21,Matches
262,Robin Koch,MFDF,Leeds United,25,1996,20,17,1574,17.5,0,0,0,0,0,3,0,0,0,0,0,0,0.7,0.7,0.5,1.3,0.04,0.03,0.07,0.04,0.07,Matches
263,Sead Kolašinac,DF,Arsenal,28,1993,2,1,91,1,0,0,0,0,0,1,0,0,0,0,0,0,0,0,0,0,0,0,0,0,0,Matches
264,Ibrahima Konaté,DF,Liverpool,22,1999,11,11,990,11,0,0,0,0,0,2,0,0,0,0,0,0,0.3,0.3,0.1,0.4,0.02,0.01,0.03,0.02,0.03,Matches
265,Ezri Konsa,DF,Aston Villa,23,1997,29,29,2477,27.5,2,0,2,0,0,6,2,0.07,0,0.07,0.07,0.07,1.5,1.5,0.3,1.7,0.05,0.01,0.06,0.05,0.06,Matches
266,Cheikhou Kouyaté,MF,Crystal Palace,31,1989,27,23,1974,21.9,0,1,0,0,0,3,0,0,0.05,0.05,0,0.05,0.6,0.6,0.7,1.3,0.03,0.03,0.06,0.03,0.06,Matches
267,Mateo Kovačić,MF,Chelsea,27,1994,25,16,1558,17.3,2,5,2,0,0,4,0,0.12,0.29,0.4,0.12,0.4,1.8,1.8,3.6,5.5,0.11,0.21,0.32,0.11,0.32,Matches
268,Emil Krafth,DF,Newcastle Utd,26,1994,20,18,1634,18.2,0,1,0,0,0,5,0,0,0.06,0.06,0,0.06,0.2,0.2,0.8,1,0.01,0.04,0.06,0.01,0.06,Matches
269,Alex Král,MF,West Ham,23,1998,1,0,1,0,0,0,0,0,0,0,0,0,0,0,0,0,0,0,0,0,0,0,0,0,0,Matches
270,Tim Krul,GK,Norwich City,33,1988,29,29,2610,29,0,0,0,0,0,1,0,0,0,0,0,0,0,0,0.4,0.4,0,0.01,0.01,0,0.01,Matches
271,Juraj Kucka,MF,Watford,34,1987,26,22,1920,21.3,1,1,1,0,0,5,1,0.05,0.05,0.09,0.05,0.09,3.1,3.1,0.9,4.1,0.15,0.04,0.19,0.15,0.19,Matches
272,Dejan Kulusevski,MFFW,Tottenham,21,2000,18,14,1261,14,5,8,5,0,0,3,0,0.36,0.57,0.93,0.36,0.93,3.4,3.4,3.5,6.9,0.24,0.25,0.5,0.24,0.5,Matches
273,Alexandre Lacazette,FWMF,Arsenal,30,1991,30,20,1782,19.8,4,7,2,2,3,0,0,0.2,0.35,0.56,0.1,0.45,7.9,5.6,1.9,7.6,0.4,0.1,0.5,0.28,0.38,Matches
274,Adam Lallana,MF,Brighton,33,1988,24,18,1561,17.3,0,1,0,0,0,4,0,0,0.06,0.06,0,0.06,1.2,1.2,0.7,1.9,0.07,0.04,0.11,0.07,0.11,Matches
275,Tariq Lamptey,DFFW,Brighton,20,2000,30,16,1561,17.3,0,2,0,0,0,4,0,0,0.12,0.12,0,0.12,0.8,0.8,2.2,3,0.05,0.13,0.17,0.05,0.17,Matches
276,Manuel Lanzini,MFFW,West Ham,28,1993,30,19,1786,19.8,5,3,2,3,3,2,0,0.25,0.15,0.4,0.1,0.25,3.4,1.1,2.2,3.3,0.17,0.11,0.28,0.06,0.17,Matches
277,Aymeric Laporte,DF,Manchester City,27,1994,33,33,2828,31.4,4,0,4,0,0,5,1,0.13,0,0.13,0.13,0.13,4.4,4.4,0.5,4.9,0.14,0.02,0.16,0.14,0.16,Matches
278,Jamaal Lascelles,DF,Newcastle Utd,27,1993,26,22,2058,22.9,1,0,1,0,0,5,0,0.04,0,0.04,0.04,0.04,1.1,1.1,0.3,1.3,0.05,0.01,0.06,0.05,0.06,Matches
279,Pierre Lees-Melou,MF,Norwich City,28,1993,33,27,2265,25.2,1,0,1,0,0,5,0,0.04,0,0.04,0.04,0.04,1.6,1.6,1.8,3.4,0.06,0.07,0.14,0.06,0.14,Matches
280,Aaron Lennon,MF,Burnley,34,1987,28,17,1551,17.2,2,0,2,0,0,2,0,0.12,0,0.12,0.12,0.12,1.1,1.1,0.5,1.6,0.06,0.03,0.09,0.06,0.09,Matches
281,Bernd Leno,GK,Arsenal,29,1992,4,4,360,4,0,0,0,0,0,0,0,0,0,0,0,0,0,0,0,0,0,0,0,0,0,Matches
282,Jamal Lewis,DF,Newcastle Utd,23,1998,5,4,262,2.9,0,0,0,0,0,1,0,0,0,0,0,0,0,0,0,0,0,0.01,0.01,0,0.01,Matches
283,Victor Lindelöf,DF,Manchester Utd,27,1994,28,26,2355,26.2,0,2,0,0,0,4,0,0,0.08,0.08,0,0.08,0.3,0.3,0.5,0.8,0.01,0.02,0.03,0.01,0.03,Matches
284,Jesse Lingard,FWMF,Manchester Utd,28,1992,16,2,367,4.1,2,0,2,0,0,1,0,0.49,0,0.49,0.49,0.49,0.7,0.7,0.4,1.1,0.17,0.1,0.26,0.17,0.26,Matches
285,Valentino Livramento,DF,Southampton,18,2002,28,25,2202,24.5,1,1,1,0,0,2,0,0.04,0.04,0.08,0.04,0.08,1.2,1.2,2.3,3.4,0.05,0.09,0.14,0.05,0.14,Matches
286,Diego Llorente,DF,Leeds United,27,1993,28,28,2340,26,3,0,3,0,0,7,0,0.12,0,0.12,0.12,0.12,1.4,1.4,0.1,1.4,0.05,0,0.05,0.05,0.05,Matches
287,Hugo Lloris,GK,Tottenham,34,1986,38,38,3420,38,0,0,0,0,0,2,0,0,0,0,0,0,0,0,0.5,0.5,0,0.01,0.01,0,0.01,Matches
288,Giovani Lo Celso,MFFW,Tottenham,25,1996,9,2,238,2.6,0,0,0,0,0,0,0,0,0,0,0,0,0.7,0.7,0.6,1.4,0.28,0.24,0.52,0.28,0.52,Matches
289,Jürgen Locadia,FW,Brighton,27,1993,1,0,23,0.3,0,0,0,0,0,0,0,0,0,0,0,0,0.1,0.1,0,0.1,0.45,0,0.45,0.45,0.45,Matches
290,Ruben Loftus-Cheek,MFDF,Chelsea,25,1996,24,13,1394,15.5,0,2,0,0,0,1,0,0,0.13,0.13,0,0.13,1.2,1.2,1.9,3.1,0.08,0.12,0.2,0.08,0.2,Matches
291,Kevin Long,DF,Burnley,30,1990,6,4,410,4.6,0,0,0,0,0,1,0,0,0,0,0,0,0.2,0.2,0,0.2,0.03,0,0.03,0.03,0.03,Matches
292,Shane Long,FW,Southampton,34,1987,13,3,308,3.4,1,0,1,0,0,1,0,0.29,0,0.29,0.29,0.29,1,1,0.1,1.1,0.29,0.03,0.32,0.29,0.32,Matches
293,Sean Longstaff,MF,Newcastle Utd,23,1997,24,15,1464,16.3,1,1,1,0,0,1,0,0.06,0.06,0.12,0.06,0.12,1.2,1.2,0.7,1.9,0.07,0.04,0.12,0.07,0.12,Matches
294,Ademola Lookman,FWMF,Leicester City,23,1997,26,16,1453,16.1,6,0,6,0,0,2,0,0.37,0,0.37,0.37,0.37,5.1,5.1,1.9,6.9,0.31,0.12,0.43,0.31,0.43,Matches
295,Jonas Lössl,GK,Brentford,32,1989,2,2,180,2,0,0,0,0,0,0,0,0,0,0,0,0,0,0,0,0,0,0,0,0,0,Matches
296,Imran Louza,MF,Watford,22,1999,20,17,1416,15.7,0,0,0,0,0,6,0,0,0,0,0,0,1.1,1.1,1,2.1,0.07,0.07,0.14,0.07,0.14,Matches
297,Matthew Lowton,DF,Burnley,32,1989,25,20,1772,19.7,1,2,1,0,0,3,1,0.05,0.1,0.15,0.05,0.15,0.6,0.6,1.3,1.9,0.03,0.07,0.1,0.03,0.1,Matches
298,Douglas Luiz,MF,Aston Villa,23,1998,34,31,2715,30.2,2,3,2,0,0,7,0,0.07,0.1,0.17,0.07,0.17,2,2,2.5,4.5,0.07,0.08,0.15,0.07,0.15,Matches
299,Romelu Lukaku,FW,Chelsea,28,1993,26,16,1589,17.7,8,0,7,1,1,1,0,0.45,0,0.45,0.4,0.4,6.8,6.1,3,9,0.39,0.17,0.55,0.34,0.51,Matches
300,Lyanco,DF,Southampton,24,1997,15,9,911,10.1,0,0,0,0,0,2,0,0,0,0,0,0,0.2,0.2,0.1,0.4,0.02,0.01,0.04,0.02,0.04,Matches
301,Alexis Mac Allister,MFFW,Brighton,22,1998,33,22,2123,23.6,5,2,3,2,3,4,0,0.21,0.08,0.3,0.13,0.21,6.5,4.2,1.5,5.7,0.28,0.06,0.34,0.18,0.24,Matches
302,James Maddison,MFFW,Leicester City,24,1996,35,28,2459,27.3,12,8,12,0,0,3,0,0.44,0.29,0.73,0.44,0.73,8.2,8.2,4.8,13,0.3,0.18,0.48,0.3,0.48,Matches
303,Harry Maguire,DF,Manchester Utd,28,1993,30,28,2515,27.9,1,0,1,0,0,9,1,0.04,0,0.04,0.04,0.04,1.7,1.7,0.2,1.9,0.06,0.01,0.07,0.06,0.07,Matches
304,Riyad Mahrez,FW,Manchester City,30,1991,28,15,1498,16.6,11,5,7,4,5,0,0,0.66,0.3,0.96,0.42,0.72,10.1,6.3,3.7,10,0.61,0.22,0.83,0.38,0.6,Matches
305,Ainsley Maitland-Niles,MF,Arsenal,23,1997,8,2,268,3,0,0,0,0,0,0,0,0,0,0,0,0,0,0,0.3,0.4,0.01,0.12,0.13,0.01,0.13,Matches
306,Sadio Mané,FW,Liverpool,29,1992,34,32,2819,31.3,16,2,16,0,0,5,0,0.51,0.06,0.57,0.51,0.57,16.7,16.7,4.4,21.1,0.53,0.14,0.67,0.53,0.67,Matches
307,Javier Manquillo,DF,Newcastle Utd,27,1994,19,15,1257,14,1,2,1,0,0,5,0,0.07,0.14,0.21,0.07,0.21,0.5,0.5,0.3,0.8,0.03,0.02,0.06,0.03,0.06,Matches
308,Fernando Marçal,DF,Wolves,32,1989,18,17,1449,16.1,0,0,0,0,0,3,0,0,0,0,0,0,0.5,0.5,0.7,1.2,0.03,0.04,0.08,0.03,0.08,Matches
309,Solly March,DFFW,Brighton,27,1994,31,17,1746,19.4,0,2,0,0,0,1,0,0,0.1,0.1,0,0.1,1.5,1.5,2.7,4.3,0.08,0.14,0.22,0.08,0.22,Matches
310,Pablo Marí,DF,Arsenal,27,1993,2,2,180,2,0,0,0,0,0,1,0,0,0,0,0,0,0.3,0.3,0.1,0.4,0.15,0.05,0.21,0.15,0.21,Matches
311,Anthony Martial,FW,Manchester Utd,25,1995,8,2,212,2.4,1,0,1,0,0,0,0,0.42,0,0.42,0.42,0.42,0.4,0.4,0.1,0.6,0.19,0.06,0.25,0.19,0.25,Matches
312,Martinelli,FWMF,Arsenal,20,2001,29,21,1860,20.7,6,6,5,1,1,3,1,0.29,0.29,0.58,0.24,0.53,7.2,6.5,3.3,9.8,0.35,0.16,0.51,0.31,0.47,Matches
313,Emiliano Martínez,GK,Aston Villa,28,1992,36,36,3240,36,0,0,0,0,0,4,0,0,0,0,0,0,0,0,0,0,0,0,0,0,0,Matches
314,Adam Masina,DF,Watford,27,1994,15,13,1077,12,0,1,0,0,0,0,0,0,0.08,0.08,0,0.08,0.4,0.4,0.7,1.1,0.03,0.06,0.09,0.03,0.09,Matches
315,Arthur Masuaku,DFFW,West Ham,27,1993,13,6,650,7.2,1,1,1,0,0,1,0,0.14,0.14,0.28,0.14,0.28,0.1,0.1,0.9,1,0.01,0.12,0.14,0.01,0.14,Matches
316,Juan Mata,MF,Manchester Utd,33,1988,7,2,235,2.6,0,0,0,0,0,0,0,0,0,0,0,0,0.3,0.3,0.2,0.5,0.11,0.06,0.17,0.11,0.17,Matches
317,Jean-Philippe Mateta,FW,Crystal Palace,24,1997,22,13,1145,12.7,5,1,5,0,0,2,0,0.39,0.08,0.47,0.39,0.47,5.5,5.5,1.3,6.8,0.43,0.11,0.54,0.43,0.54,Matches
318,Nemanja Matić,MF,Manchester Utd,32,1988,23,16,1382,15.4,0,4,0,0,0,3,0,0,0.26,0.26,0,0.26,0.2,0.2,1.8,1.9,0.01,0.12,0.13,0.01,0.13,Matches
319,Joël Matip,DF,Liverpool,29,1991,31,31,2790,31,3,3,3,0,0,2,0,0.1,0.1,0.19,0.1,0.19,3.1,3.1,1.2,4.3,0.1,0.04,0.14,0.1,0.14,Matches
320,Neal Maupay,FW,Brighton,24,1996,32,25,2276,25.3,8,2,7,1,2,7,0,0.32,0.08,0.4,0.28,0.36,7.7,6.2,2.2,8.4,0.3,0.09,0.39,0.24,0.33,Matches
321,Bryan Mbeumo,FW,Brentford,21,1999,35,34,2905,32.3,4,7,3,1,1,4,0,0.12,0.22,0.34,0.09,0.31,9.7,9,3.6,12.5,0.3,0.11,0.41,0.28,0.39,Matches
322,James McArthur,MF,Crystal Palace,33,1987,21,15,1439,16,0,3,0,0,0,4,0,0,0.19,0.19,0,0.19,0.3,0.3,1,1.4,0.02,0.06,0.08,0.02,0.08,Matches
323,James Mcatee,MFFW,Manchester City,18,2002,2,0,20,0.2,0,0,0,0,0,0,0,0,0,0,0,0,0,0,0,0,0.19,0,0.19,0.19,0.19,Matches
324,Kasey McAteer,FW,Leicester City,19,2001,1,0,3,0,0,0,0,0,0,0,0,0,0,0,0,0,0,0,0,0,0,0,0,0,0,Matches
325,Liam McCarron,FW,Leeds United,20,2001,1,0,10,0.1,0,0,0,0,0,0,0,0,0,0,0,0,0,0,0,0,0,0,0,0,0,Matches
326,Alex McCarthy,GK,Southampton,31,1989,17,17,1530,17,0,0,0,0,0,1,0,0,0,0,0,0,0,0,0,0,0,0,0,0,0,Matches
327,John McGinn,MF,Aston Villa,26,1994,35,35,3090,34.3,3,4,3,0,0,8,0,0.09,0.12,0.2,0.09,0.2,1.5,1.5,4.9,6.4,0.04,0.14,0.19,0.04,0.19,Matches
328,Stuart McKinstry,MF,Leeds United,18,2002,1,0,4,0,0,0,0,0,0,0,0,0,0,0,0,0,0,0,0,0,0,0,0,0,0,Matches
329,Kenny McLean,MF,Norwich City,29,1992,31,29,2706,30.1,1,0,1,0,0,3,0,0.03,0,0.03,0.03,0.03,1.9,1.9,0.7,2.6,0.06,0.02,0.09,0.06,0.09,Matches
330,Dwight McNeil,MF,Burnley,21,1999,38,35,3107,34.5,0,1,0,0,0,1,0,0,0.03,0.03,0,0.03,2.3,2.3,4.8,7.1,0.07,0.14,0.21,0.07,0.21,Matches
331,Scott McTominay,MF,Manchester Utd,24,1996,30,28,2387,26.5,1,1,1,0,0,9,0,0.04,0.04,0.08,0.04,0.08,1.5,1.5,1.8,3.3,0.06,0.07,0.12,0.06,0.12,Matches
332,Ben Mee,DF,Burnley,31,1989,21,21,1839,20.4,3,0,3,0,0,3,0,0.15,0,0.15,0.15,0.15,1.8,1.8,0.1,1.9,0.09,0,0.09,0.09,0.09,Matches
333,Hannibal Mejbri,FW,Manchester Utd,18,2003,2,1,68,0.8,0,0,0,0,0,2,0,0,0,0,0,0,0.1,0.1,0,0.1,0.12,0,0.12,0.12,0.12,Matches
334,Benjamin Mendy,DF,Manchester City,27,1994,1,1,78,0.9,0,0,0,0,0,0,0,0,0,0,0,0,0,0,0.3,0.3,0,0.3,0.3,0,0.3,Matches
335,Edouard Mendy,GK,Chelsea,29,1992,34,34,3060,34,0,0,0,0,0,3,0,0,0,0,0,0,0,0,0,0,0,0,0,0,0,Matches
336,Nampalys Mendy,MF,Leicester City,29,1992,14,12,1032,11.5,0,0,0,0,0,3,0,0,0,0,0,0,0,0,0,0,0,0,0,0,0,Matches
337,Illan Meslier,GK,Leeds United,21,2000,38,38,3384,37.6,0,0,0,0,0,2,0,0,0,0,0,0,0,0,0,0,0,0,0,0,0,Matches
338,Luka Milivojević,MF,Crystal Palace,30,1991,15,9,774,8.6,0,0,0,0,0,1,0,0,0,0,0,0,0.2,0.2,0.8,1,0.03,0.09,0.12,0.03,0.12,Matches
339,James Milner,MFDF,Liverpool,35,1986,24,9,853,9.5,0,1,0,0,0,2,0,0,0.11,0.11,0,0.11,0.3,0.3,2.2,2.4,0.03,0.23,0.26,0.03,0.26,Matches
340,Yerry Mina,DF,Everton,26,1994,13,11,846,9.4,0,0,0,0,0,3,0,0,0,0,0,0,0.3,0.3,0,0.3,0.03,0,0.03,0.03,0.03,Matches
341,Takumi Minamino,FWMF,Liverpool,26,1995,11,1,186,2.1,3,0,3,0,0,1,0,1.45,0,1.45,1.45,1.45,1.8,1.8,0.5,2.3,0.88,0.25,1.13,0.88,1.13,Matches
342,Tyrone Mings,DF,Aston Villa,28,1993,36,35,3189,35.4,1,3,1,0,0,11,0,0.03,0.08,0.11,0.03,0.11,1.4,1.4,1.5,2.9,0.04,0.04,0.08,0.04,0.08,Matches
343,Tyrick Mitchell,DF,Crystal Palace,21,1999,36,35,3101,34.5,0,2,0,0,0,1,0,0,0.06,0.06,0,0.06,0.3,0.3,1.3,1.6,0.01,0.04,0.05,0.01,0.05,Matches
344,Jakub Moder,MFFW,Brighton,22,1999,28,19,1701,18.9,0,3,0,0,0,1,0,0,0.16,0.16,0,0.16,2.4,2.4,1.7,4.1,0.13,0.09,0.22,0.13,0.22,Matches
345,Wesley Moraes,FW,Aston Villa,24,1996,1,0,1,0,0,0,0,0,0,0,0,0,0,0,0,0,0,0,0,0,0,0,0,0,0,Matches
346,Tyler Morton,MF,Liverpool,18,2002,2,1,66,0.7,0,0,0,0,0,1,0,0,0,0,0,0,0,0,0,0,0,0,0,0,0,Matches
347,Mason Mount,MFFW,Chelsea,22,1999,32,27,2363,26.3,11,10,10,1,1,4,0,0.42,0.38,0.8,0.38,0.76,8.9,8.1,6.7,14.8,0.34,0.25,0.59,0.31,0.56,Matches
348,Lucas Moura,FWMF,Tottenham,28,1992,34,19,1775,19.7,2,6,2,0,0,4,0,0.1,0.3,0.41,0.1,0.41,3.7,3.7,4.4,8.1,0.19,0.23,0.41,0.19,0.41,Matches
349,João Moutinho,MF,Wolves,34,1986,35,34,2970,33,2,1,2,0,0,4,0,0.06,0.03,0.09,0.06,0.09,1,1,2.4,3.5,0.03,0.07,0.11,0.03,0.11,Matches
350,Bali Mumba,DF,Norwich City,19,2001,1,0,45,0.5,0,0,0,0,0,0,0,0,0,0,0,0,0,0,0,0,0,0,0,0,0,Matches
351,Jacob Murphy,FWDF,Newcastle Utd,26,1995,33,13,1473,16.4,1,2,1,0,0,4,0,0.06,0.12,0.18,0.06,0.18,2.9,2.9,2.1,5,0.18,0.13,0.31,0.18,0.31,Matches
352,Enock Mwepu,MFFW,Brighton,23,1998,18,12,996,11.1,2,4,2,0,0,2,0,0.18,0.36,0.54,0.18,0.54,1.9,1.9,1.4,3.2,0.17,0.12,0.29,0.17,0.29,Matches
353,Vitaliy Mykolenko,DF,Everton,22,1999,13,12,1055,11.7,1,0,1,0,0,0,0,0.09,0,0.09,0.09,0.09,0.8,0.8,0.8,1.6,0.07,0.07,0.14,0.07,0.14,Matches
354,Marvelous Nakamba,MF,Aston Villa,27,1994,16,10,904,10,0,0,0,0,0,5,0,0,0,0,0,0,0,0,0.1,0.1,0,0.01,0.01,0,0.01,Matches
355,Wilfred Ndidi,MFDF,Leicester City,24,1996,19,18,1618,18,0,0,0,0,0,4,0,0,0,0,0,0,1,1,0,1,0.06,0,0.06,0.06,0.06,Matches
356,Tanguy Ndombele,MF,Tottenham,24,1996,9,6,484,5.4,1,1,1,0,0,1,0,0.19,0.19,0.37,0.19,0.37,0.5,0.5,0.4,0.9,0.09,0.07,0.16,0.09,0.16,Matches
357,Reiss Nelson,FW,Arsenal,21,1999,1,0,20,0.2,0,0,0,0,0,0,0,0,0,0,0,0,0,0,0,0.1,0.16,0.18,0.35,0.16,0.35,Matches
358,Pedro Neto,FWMF,Wolves,21,2000,13,5,466,5.2,1,1,1,0,0,3,0,0.19,0.19,0.39,0.19,0.39,1.5,1.5,1.1,2.6,0.29,0.22,0.51,0.29,0.51,Matches
359,Rúben Neves,MF,Wolves,24,1997,33,31,2661,29.6,4,2,4,0,0,9,0,0.14,0.07,0.2,0.14,0.2,1.2,1.2,2.2,3.4,0.04,0.07,0.12,0.04,0.12,Matches
360,Jeremy Ngakia,DF,Watford,20,2000,16,9,903,10,0,0,0,0,0,0,0,0,0,0,0,0,0.1,0.1,0.5,0.6,0.01,0.05,0.06,0.01,0.06,Matches
361,Saúl Ñíguez,MFDF,Chelsea,26,1994,10,5,480,5.3,0,0,0,0,0,1,0,0,0,0,0,0,0.2,0.2,0.3,0.5,0.04,0.06,0.1,0.04,0.1,Matches
362,Eddie Nketiah,FW,Arsenal,22,1999,21,8,835,9.3,5,1,5,0,0,3,0,0.54,0.11,0.65,0.54,0.65,4.6,4.6,1.4,6.1,0.5,0.16,0.65,0.5,0.65,Matches
363,Nicolas Nkoulou,DF,Watford,31,1990,3,2,168,1.9,0,0,0,0,0,0,0,0,0,0,0,0,0,0,0,0,0,0.01,0.01,0,0.01,Matches
364,Mark Noble,MF,West Ham,34,1987,11,3,332,3.7,1,0,0,1,2,0,0,0.27,0,0.27,0,0,1.5,0,0.2,0.2,0.41,0.06,0.47,0,0.06,Matches
365,Mathias Normann,MF,Norwich City,25,1996,23,20,1645,18.3,1,2,1,0,0,6,0,0.05,0.11,0.16,0.05,0.16,0.9,0.9,1.8,2.8,0.05,0.1,0.15,0.05,0.15,Matches
366,Christian Nørgaard,MF,Brentford,27,1994,35,35,3054,33.9,3,4,3,0,0,8,0,0.09,0.12,0.21,0.09,0.21,3.2,3.2,3.1,6.3,0.09,0.09,0.19,0.09,0.19,Matches
367,Angelo Ogbonna,DF,West Ham,33,1988,11,11,921,10.2,1,0,1,0,0,1,0,0.1,0,0.1,0.1,0.1,0.3,0.3,0,0.3,0.03,0,0.03,0.03,0.03,Matches
368,Michael Olise,FWMF,Crystal Palace,19,2001,26,12,1141,12.7,2,5,2,0,0,4,0,0.16,0.39,0.55,0.16,0.55,1.4,1.4,3.4,4.8,0.11,0.27,0.38,0.11,0.38,Matches
369,Robin Olsen,GK,Aston Villa,31,1990,1,1,90,1,0,0,0,0,0,0,0,0,0,0,0,0,0,0,0,0,0,0,0,0,0,Matches
370,Andrew Omobamidele,DF,Norwich City,19,2002,5,4,382,4.2,1,0,1,0,0,1,0,0.24,0,0.24,0.24,0.24,0.3,0.3,0,0.3,0.08,0,0.08,0.08,0.08,Matches
371,Tyler Onyango,MFFW,Everton,18,2003,3,0,28,0.3,0,0,0,0,0,0,0,0,0,0,0,0,0,0,0,0,0.1,0,0.1,0.1,0.1,Matches
372,Frank Onyeka,MF,Brentford,23,1998,20,12,1045,11.6,0,0,0,0,0,4,0,0,0,0,0,0,1.1,1.1,0.2,1.3,0.1,0.02,0.11,0.1,0.11,Matches
373,Divock Origi,FW,Liverpool,26,1995,7,0,133,1.5,3,0,3,0,0,0,0,2.03,0,2.03,2.03,2.03,1.6,1.6,0,1.6,1.08,0,1.08,1.08,1.08,Matches
374,Alex Oxlade-Chamberlain,MFFW,Liverpool,27,1993,17,9,785,8.7,2,1,2,0,0,0,0,0.23,0.11,0.34,0.23,0.34,1.2,1.2,0.9,2.1,0.14,0.11,0.24,0.14,0.24,Matches
375,Cole Palmer,FWMF,Manchester City,19,2002,4,1,123,1.4,0,0,0,0,0,0,0,0,0,0,0,0,0.3,0.3,0.2,0.5,0.23,0.17,0.39,0.23,0.39,Matches
376,Emerson Palmieri,DF,Chelsea,26,1994,1,0,5,0.1,0,0,0,0,0,0,0,0,0,0,0,0,0,0,0,0,0,0,0,0,0,Matches
377,Thomas Partey,MF,Arsenal,28,1993,24,23,2028,22.5,2,1,2,0,0,6,0,0.09,0.04,0.13,0.09,0.13,2.5,2.5,1.3,3.8,0.11,0.06,0.17,0.11,0.17,Matches
378,João Pedro,FWMF,Watford,19,2001,28,15,1644,18.3,3,1,3,0,0,1,0,0.16,0.05,0.22,0.16,0.22,4.2,4.2,2.6,6.8,0.23,0.14,0.37,0.23,0.37,Matches
379,Nicolas Pépé,FWMF,Arsenal,26,1995,20,5,696,7.7,1,2,1,0,0,0,0,0.13,0.26,0.39,0.13,0.39,2.9,2.9,1.7,4.6,0.38,0.22,0.6,0.38,0.6,Matches
380,Ricardo Pereira,DF,Leicester City,27,1993,14,13,991,11,1,3,1,0,0,3,0,0.09,0.27,0.36,0.09,0.36,0.7,0.7,1.3,2,0.06,0.12,0.18,0.06,0.18,Matches
381,Ayoze Pérez,MFFW,Leicester City,28,1993,14,6,445,4.9,2,3,2,0,0,0,1,0.4,0.61,1.01,0.4,1.01,1.5,1.5,0.9,2.4,0.31,0.18,0.49,0.31,0.49,Matches
382,Sonny Perkins,FW,West Ham,17,2004,1,0,4,0,0,0,0,0,0,0,0,0,0,0,0,0,0,0,0,0,0,0,0,0,0,Matches
383,Romain Perraud,DF,Southampton,23,1997,20,18,1623,18,0,1,0,0,0,3,0,0,0.06,0.06,0,0.06,0.9,0.9,0.6,1.5,0.05,0.03,0.08,0.05,0.08,Matches
384,Kalvin Phillips,MF,Leeds United,25,1995,20,18,1596,17.7,0,1,0,0,0,4,0,0,0.06,0.06,0,0.06,0.6,0.6,0.2,0.9,0.04,0.01,0.05,0.04,0.05,Matches
385,Jaden Philogene Bidace,FW,Aston Villa,19,2002,1,0,5,0.1,0,0,0,0,0,0,0,0,0,0,0,0,0,0,0,0,0,0,0,0,0,Matches
386,Jordan Pickford,GK,Everton,27,1994,35,35,3150,35,0,0,0,0,0,2,0,0,0,0,0,0,0,0,0.1,0.1,0,0,0,0,0,Matches
387,Erik Pieters,DF,Burnley,32,1988,12,8,730,8.1,0,1,0,0,0,1,0,0,0.12,0.12,0,0.12,0.2,0.2,0.8,1,0.02,0.1,0.13,0.02,0.13,Matches
388,Ethan Pinnock,DF,Brentford,28,1993,32,32,2694,29.9,1,1,1,0,0,1,0,0.03,0.03,0.07,0.03,0.07,1.5,1.5,1.2,2.8,0.05,0.04,0.09,0.05,0.09,Matches
389,Daniel Podence,FWMF,Wolves,25,1995,26,15,1484,16.5,2,3,2,0,0,2,0,0.12,0.18,0.3,0.12,0.3,1.9,1.9,3.8,5.8,0.12,0.23,0.35,0.12,0.35,Matches
390,Paul Pogba,MFFW,Manchester Utd,28,1993,20,16,1349,15,1,9,1,0,0,7,1,0.07,0.6,0.67,0.07,0.67,2.4,2.4,3.5,6,0.16,0.24,0.4,0.16,0.4,Matches
391,Nick Pope,GK,Burnley,29,1992,36,36,3240,36,0,0,0,0,0,1,0,0,0,0,0,0,0,0,0.2,0.2,0,0.01,0.01,0,0.01,Matches
392,Isaac Price,MF,Everton,17,2003,1,0,14,0.2,0,0,0,0,0,0,0,0,0,0,0,0,0.2,0.2,0,0.2,1.03,0,1.03,1.03,1.03,Matches
393,Teemu Pukki,FW,Norwich City,31,1990,37,37,3253,36.1,11,3,8,3,3,4,0,0.3,0.08,0.39,0.22,0.3,11.5,9.2,2.8,12,0.32,0.08,0.4,0.26,0.33,Matches
394,Christian Pulisic,MFFW,Chelsea,22,1998,22,13,1290,14.3,6,2,6,0,0,2,0,0.42,0.14,0.56,0.42,0.56,5.1,5.1,1.2,6.3,0.35,0.08,0.44,0.35,0.44,Matches
395,Przemysław Płacheta,FWMF,Norwich City,23,1998,12,6,504,5.6,0,0,0,0,0,1,0,0,0,0,0,0,0.5,0.5,0.7,1.3,0.1,0.13,0.23,0.1,0.23,Matches
396,Jesuran Rak Sakyi,FWMF,Crystal Palace,18,2002,2,1,80,0.9,0,0,0,0,0,0,0,0,0,0,0,0,0,0,0,0,0,0,0,0,0,Matches
397,Aaron Ramsdale,GK,Arsenal,23,1998,34,34,3060,34,0,0,0,0,0,1,0,0,0,0,0,0,0,0,0,0,0,0,0,0,0,Matches
398,Jacob Ramsey,MF,Aston Villa,20,2001,34,29,2467,27.4,6,1,6,0,0,6,0,0.22,0.04,0.26,0.22,0.26,3.8,3.8,2,5.8,0.14,0.07,0.21,0.14,0.21,Matches
399,Marcus Rashford,FWMF,Manchester Utd,23,1997,25,13,1235,13.7,4,2,4,0,0,2,0,0.29,0.15,0.44,0.29,0.44,2.4,2.4,2,4.4,0.18,0.14,0.32,0.18,0.32,Matches
400,Milot Rashica,FWMF,Norwich City,25,1996,31,25,2229,24.8,1,2,1,0,0,0,0,0.04,0.08,0.12,0.04,0.12,2.7,2.7,2.6,5.3,0.11,0.1,0.21,0.11,0.21,Matches
401,David Raya,GK,Brentford,25,1995,24,24,2160,24,0,0,0,0,0,1,0,0,0,0,0,0,0,0,0,0,0,0,0,0,0,Matches
402,Nathan Redmond,MFFW,Southampton,27,1994,27,20,1833,20.4,1,5,1,0,0,0,0,0.05,0.25,0.29,0.05,0.29,1.9,1.9,4.3,6.3,0.09,0.21,0.31,0.09,0.31,Matches
403,Sergio Reguilón,DF,Tottenham,24,1996,25,22,1916,21.3,2,3,2,0,0,4,0,0.09,0.14,0.23,0.09,0.23,3,3,4,7,0.14,0.19,0.33,0.14,0.33,Matches
404,Declan Rice,MF,West Ham,22,1999,36,35,3179,35.3,1,4,1,0,0,8,0,0.03,0.11,0.14,0.03,0.14,1.1,1.1,2,3,0.03,0.06,0.09,0.03,0.09,Matches
405,Taylor Richards,MFFW,Brighton,20,2000,2,0,25,0.3,0,0,0,0,0,0,0,0,0,0,0,0,0,0,0,0,0.14,0,0.14,0.14,0.14,Matches
406,Richarlison,FWMF,Everton,24,1997,30,28,2523,28,10,5,7,3,3,9,0,0.36,0.18,0.54,0.25,0.43,10.2,7.9,2.4,10.3,0.36,0.09,0.45,0.28,0.37,Matches
407,Jaïro Riedewald,MF,Crystal Palace,24,1996,3,1,118,1.3,0,0,0,0,0,0,0,0,0,0,0,0,0,0,0.1,0.1,0,0.06,0.06,0,0.06,Matches
408,Matt Ritchie,DF,Newcastle Utd,31,1989,18,14,1337,14.9,0,2,0,0,0,5,0,0,0.13,0.13,0,0.13,0.4,0.4,1.6,2.1,0.03,0.11,0.14,0.03,0.14,Matches
409,Connor Roberts,DF,Burnley,25,1995,21,19,1692,18.8,1,1,1,0,0,2,0,0.05,0.05,0.11,0.05,0.11,0.2,0.2,1.1,1.3,0.01,0.06,0.07,0.01,0.07,Matches
410,Tyler Roberts,MFFW,Leeds United,22,1999,23,7,987,11,1,1,1,0,0,5,0,0.09,0.09,0.18,0.09,0.18,2.4,2.4,1.2,3.7,0.22,0.11,0.34,0.22,0.34,Matches
411,Andrew Robertson,DF,Liverpool,27,1994,29,29,2537,28.2,3,10,3,0,0,5,1,0.11,0.35,0.46,0.11,0.46,1.9,1.9,5.2,7,0.07,0.18,0.25,0.07,0.25,Matches
412,Joe Rodon,DF,Tottenham,23,1997,3,0,89,1,0,0,0,0,0,0,0,0,0,0,0,0,0,0,0,0,0,0,0,0,0,Matches
413,Rodri,MF,Manchester City,25,1996,33,33,2884,32,7,2,7,0,0,5,0,0.22,0.06,0.28,0.22,0.28,2.7,2.7,1.4,4.1,0.08,0.04,0.13,0.08,0.13,Matches
414,Rodrigo,MFFW,Leeds United,30,1991,31,27,2265,25.2,6,1,5,1,1,9,0,0.24,0.04,0.28,0.2,0.24,4.9,4.1,4.6,8.8,0.19,0.18,0.38,0.16,0.35,Matches
415,Jay Rodriguez,FW,Burnley,32,1989,29,13,1382,15.4,2,2,2,0,0,3,0,0.13,0.13,0.26,0.13,0.26,4.7,4.7,1.9,6.6,0.3,0.12,0.43,0.3,0.43,Matches
416,Mads Roerslev,DF,Brentford,22,1999,21,12,1240,13.8,1,1,1,0,0,1,0,0.07,0.07,0.15,0.07,0.15,0.3,0.3,0.9,1.2,0.02,0.06,0.08,0.02,0.08,Matches
417,Cristian Romero,DF,Tottenham,23,1998,22,21,1844,20.5,1,0,1,0,0,8,0,0.05,0,0.05,0.05,0.05,0.7,0.7,0.5,1.1,0.03,0.02,0.05,0.03,0.05,Matches
418,Oriol Romeu,MF,Southampton,29,1991,36,34,2889,32.1,2,2,2,0,0,9,0,0.06,0.06,0.12,0.06,0.12,1.3,1.3,2.8,4.1,0.04,0.09,0.13,0.04,0.13,Matches
419,Cristiano Ronaldo,FW,Manchester Utd,36,1985,30,27,2456,27.3,18,3,15,3,3,8,0,0.66,0.11,0.77,0.55,0.66,16.5,14.2,3.1,17.3,0.61,0.11,0.72,0.52,0.64,Matches
420,Salomón Rondón,FW,Everton,31,1989,20,8,790,8.8,1,1,1,0,0,3,1,0.11,0.11,0.23,0.11,0.23,2.2,2.2,0.7,2.9,0.25,0.09,0.33,0.25,0.33,Matches
421,Danny Rose,DF,Watford,31,1990,8,7,689,7.7,0,0,0,0,0,4,0,0,0,0,0,0,0.2,0.2,0.8,0.9,0.02,0.1,0.12,0.02,0.12,Matches
422,Jon Rowe,FWMF,Norwich City,18,2003,13,0,223,2.5,0,1,0,0,0,0,0,0,0.4,0.4,0,0.4,0.4,0.4,0.3,0.7,0.16,0.14,0.3,0.16,0.3,Matches
423,John Ruddy,GK,Wolves,34,1986,2,1,135,1.5,0,0,0,0,0,0,0,0,0,0,0,0,0,0,0,0,0,0,0,0,0,Matches
424,Antonio Rüdiger,DF,Chelsea,28,1993,34,34,3035,33.7,3,0,3,0,0,9,0,0.09,0,0.09,0.09,0.09,2.8,2.8,1.1,3.9,0.08,0.03,0.12,0.08,0.12,Matches
425,Lukas Rupp,MF,Norwich City,30,1991,19,7,769,8.5,0,0,0,0,0,0,0,0,0,0,0,0,0.7,0.7,1.2,1.9,0.08,0.14,0.22,0.08,0.22,Matches
426,José Sá,GK,Wolves,28,1993,37,37,3285,36.5,0,1,0,0,0,3,0,0,0.03,0.03,0,0.03,0,0,1,1,0,0.03,0.03,0,0.03,Matches
427,Allan Saint-Maximin,FWMF,Newcastle Utd,24,1997,35,31,2804,31.2,5,5,5,0,0,6,0,0.16,0.16,0.32,0.16,0.32,5.1,5.1,5.8,10.9,0.16,0.19,0.35,0.16,0.35,Matches
428,Romain Saïss,DF,Wolves,31,1990,31,31,2705,30.1,2,0,2,0,0,6,0,0.07,0,0.07,0.07,0.07,2.7,2.7,0.4,3.1,0.09,0.01,0.1,0.09,0.1,Matches
429,Bukayo Saka,FWMF,Arsenal,19,2001,38,36,2978,33.1,11,7,9,2,2,6,0,0.33,0.21,0.54,0.27,0.48,9.7,8.2,6.9,15.2,0.29,0.21,0.5,0.25,0.46,Matches
430,Mohamed Salah,FW,Liverpool,29,1992,35,30,2762,30.7,23,13,18,5,6,1,0,0.75,0.42,1.17,0.59,1.01,21.8,17,10.4,27.4,0.71,0.34,1.05,0.55,0.89,Matches
431,Mohammed Salisu,DF,Southampton,22,1999,34,33,2972,33,0,0,0,0,0,10,1,0,0,0,0,0,1.8,1.8,0.5,2.3,0.06,0.02,0.07,0.06,0.07,Matches
432,Albert Sambi Lokonga,MF,Arsenal,21,1999,19,12,1134,12.6,0,0,0,0,0,5,0,0,0,0,0,0,0.6,0.6,0.8,1.4,0.05,0.06,0.11,0.05,0.11,Matches
433,Davinson Sánchez,DF,Tottenham,25,1996,23,17,1631,18.1,2,0,2,0,0,4,0,0.11,0,0.11,0.11,0.11,2.1,2.1,0.4,2.5,0.11,0.02,0.14,0.11,0.14,Matches
434,Robert Sánchez,GK,Brighton,23,1997,37,37,3329,37,0,0,0,0,0,3,1,0,0,0,0,0,0,0,0.4,0.4,0,0.01,0.01,0,0.01,Matches
435,Jadon Sancho,FWMF,Manchester Utd,21,2000,29,20,1900,21.1,3,3,3,0,0,0,0,0.14,0.14,0.28,0.14,0.28,3.3,3.3,4.2,7.5,0.16,0.2,0.36,0.16,0.36,Matches
436,Morgan Sanson,MF,Aston Villa,26,1994,10,3,356,4,0,0,0,0,0,0,0,0,0,0,0,0,0,0,0,0,0,0,0.01,0,0.01,Matches
437,Samir Santos,DF,Watford,26,1994,19,19,1673,18.6,0,0,0,0,0,4,0,0,0,0,0,0,0.3,0.3,0.1,0.5,0.02,0.01,0.02,0.02,0.02,Matches
438,Josh Sargent,FWMF,Norwich City,21,2000,26,18,1572,17.5,2,1,2,0,0,1,0,0.11,0.06,0.17,0.11,0.17,2.7,2.7,0.7,3.5,0.16,0.04,0.2,0.16,0.2,Matches
439,Jeremy Sarmiento,FWMF,Brighton,19,2002,5,1,48,0.5,0,0,0,0,0,0,0,0,0,0,0,0,0,0,0,0,0,0,0,0,0,Matches
440,Ismaila Sarr,FWMF,Watford,23,1998,22,21,1861,20.7,5,2,5,0,1,2,0,0.24,0.1,0.34,0.24,0.34,4.2,3.5,2.5,6,0.2,0.12,0.33,0.17,0.29,Matches
441,Malang Sarr,DF,Chelsea,22,1999,8,6,546,6.1,0,0,0,0,0,2,0,0,0,0,0,0,0,0,0.4,0.4,0.01,0.06,0.07,0.01,0.07,Matches
442,Dane Scarlett,MF,Tottenham,17,2004,1,0,4,0,0,0,0,0,0,0,0,0,0,0,0,0,0,0,0,0,0,0,0,0,0,Matches
443,Fabian Schär,DF,Newcastle Utd,29,1991,25,25,2158,24,2,2,2,0,0,4,0,0.08,0.08,0.17,0.08,0.17,1.3,1.3,0.6,2,0.06,0.03,0.08,0.06,0.08,Matches
444,Jeffrey Schlupp,MFFW,Crystal Palace,28,1992,32,20,1851,20.6,4,1,4,0,0,1,0,0.19,0.05,0.24,0.19,0.24,3.1,3.1,1.8,4.9,0.15,0.09,0.24,0.15,0.24,Matches
445,Kasper Schmeichel,GK,Leicester City,34,1986,37,37,3330,37,0,0,0,0,0,2,0,0,0,0,0,0,0,0,0,0,0,0,0,0,0,Matches
446,Ken Sema,MFFW,Watford,27,1993,18,7,852,9.5,0,0,0,0,0,1,0,0,0,0,0,0,0.2,0.2,1.2,1.4,0.02,0.13,0.14,0.02,0.14,Matches
447,Nélson Semedo,DF,Wolves,27,1993,25,25,2131,23.7,0,1,0,0,0,1,0,0,0.04,0.04,0,0.04,1.4,1.4,1.2,2.6,0.06,0.05,0.11,0.06,0.11,Matches
448,Ryan Sessegnon,DF,Tottenham,21,2000,15,13,1047,11.6,0,2,0,0,0,2,0,0,0.17,0.17,0,0.17,0.4,0.4,2.9,3.3,0.03,0.25,0.28,0.03,0.28,Matches
449,Jamie Shackleton,DFMF,Leeds United,21,1999,14,7,709,7.9,0,0,0,0,0,4,0,0,0,0,0,0,0.2,0.2,0,0.2,0.02,0.01,0.03,0.02,0.03,Matches
450,Luke Shaw,DF,Manchester Utd,26,1995,20,19,1601,17.8,0,3,0,0,0,8,0,0,0.17,0.17,0,0.17,0.2,0.2,3.2,3.4,0.01,0.18,0.19,0.01,0.19,Matches
451,Jonjo Shelvey,MF,Newcastle Utd,29,1992,24,22,1983,22,2,1,2,0,0,7,1,0.09,0.05,0.14,0.09,0.14,0.9,0.9,0.8,1.7,0.04,0.04,0.08,0.04,0.08,Matches
452,Shola Shoretire,FW,Manchester Utd,17,2004,1,0,16,0.2,0,0,0,0,0,0,0,0,0,0,0,0,0,0,0,0,0,0,0,0,0,Matches
453,Francisco Sierralta,DF,Watford,24,1997,5,5,427,4.7,0,0,0,0,0,0,0,0,0,0,0,0,0,0,0,0,0.01,0,0.01,0.01,0.01,Matches
454,Bernardo Silva,MFFW,Manchester City,26,1994,35,33,2857,31.7,8,4,8,0,0,6,0,0.25,0.13,0.38,0.25,0.38,6.8,6.8,5.2,12,0.21,0.16,0.38,0.21,0.38,Matches
455,Fábio Silva,FW,Wolves,19,2002,22,6,572,6.4,0,0,0,0,0,0,0,0,0,0,0,0,2.3,2.3,0.2,2.4,0.36,0.02,0.38,0.36,0.38,Matches
456,Thiago Silva,DF,Chelsea,36,1984,32,28,2650,29.4,3,0,3,0,0,2,0,0.1,0,0.1,0.1,0.1,0.9,0.9,0.2,1.1,0.03,0.01,0.04,0.03,0.04,Matches
457,Ellis Simms,FW,Everton,20,2001,1,1,61,0.7,0,0,0,0,0,0,0,0,0,0,0,0,0,0,0,0,0,0,0,0,0,Matches
458,Moussa Sissoko,MF,Watford,31,1989,36,36,3220,35.8,2,1,2,0,0,5,0,0.06,0.03,0.08,0.06,0.08,3.4,3.4,2.8,6.2,0.1,0.08,0.17,0.1,0.17,Matches
459,Oliver Skipp,MF,Tottenham,20,2000,18,14,1350,15,0,0,0,0,0,6,0,0,0,0,0,0,0.2,0.2,0.9,1.1,0.01,0.06,0.07,0.01,0.07,Matches
460,William Smallbone,MFFW,Southampton,21,2000,4,2,133,1.5,0,0,0,0,0,0,0,0,0,0,0,0,0.1,0.1,0.1,0.2,0.05,0.06,0.12,0.05,0.12,Matches
461,Emile Smith Rowe,MFFW,Arsenal,21,2000,33,21,1921,21.3,10,2,10,0,0,1,0,0.47,0.09,0.56,0.47,0.56,5.8,5.8,2.2,8,0.27,0.1,0.37,0.27,0.37,Matches
462,Cédric Soares,DF,Arsenal,29,1991,21,16,1486,16.5,1,1,1,0,0,3,0,0.06,0.06,0.12,0.06,0.12,0.5,0.5,1.4,2,0.03,0.09,0.12,0.03,0.12,Matches
463,Tomáš Souček,MF,West Ham,26,1995,35,34,3062,34,5,1,5,0,0,3,0,0.15,0.03,0.18,0.15,0.18,4.8,4.4,1.5,5.9,0.14,0.05,0.19,0.13,0.17,Matches
464,Boubakary Soumaré,MF,Leicester City,22,1999,19,12,1102,12.2,0,1,0,0,0,0,0,0,0.08,0.08,0,0.08,0.4,0.4,0.4,0.8,0.03,0.03,0.06,0.03,0.06,Matches
465,Çağlar Söyüncü,DF,Leicester City,25,1996,28,28,2497,27.7,1,0,1,0,0,5,0,0.04,0,0.04,0.04,0.04,1.4,1.4,0.1,1.5,0.05,0,0.05,0.05,0.05,Matches
466,Tony Springett,FWMF,Norwich City,18,2002,3,1,141,1.6,0,0,0,0,0,1,0,0,0,0,0,0,0.3,0.3,0.4,0.6,0.17,0.22,0.4,0.17,0.4,Matches
467,Jason Steele,GK,Brighton,30,1990,1,1,90,1,0,0,0,0,0,0,0,0,0,0,0,0,0,0,0,0,0,0,0,0,0,Matches
468,Jed Steer,GK,Aston Villa,28,1992,1,1,90,1,0,0,0,0,0,0,0,0,0,0,0,0,0,0,0,0,0,0,0,0,0,Matches
469,Zack Steffen,GK,Manchester City,26,1995,1,1,90,1,0,0,0,0,0,0,0,0,0,0,0,0,0,0,0,0,0,0,0,0,0,Matches
470,Dale Stephens,MF,Burnley,32,1989,3,1,124,1.4,0,0,0,0,0,1,0,0,0,0,0,0,0,0,0,0.1,0.02,0.03,0.06,0.02,0.06,Matches
471,Jack Stephens,DF,Southampton,27,1994,11,9,811,9,0,0,0,0,0,3,0,0,0,0,0,0,0,0,0.3,0.3,0,0.03,0.03,0,0.03,Matches
472,Raheem Sterling,FW,Manchester City,26,1994,30,23,2128,23.6,13,5,11,2,3,1,0,0.55,0.21,0.76,0.47,0.68,14.4,12,4.6,16.6,0.61,0.2,0.81,0.51,0.7,Matches
473,Finley Stevens,DF,Brentford,18,2003,1,0,15,0.2,0,0,0,0,0,0,0,0,0,0,0,0,0,0,0,0,0,0.25,0.25,0,0.25,Matches
474,John Stones,DF,Manchester City,27,1994,14,12,1119,12.4,1,0,1,0,0,0,0,0.08,0,0.08,0.08,0.08,1,1,0.1,1.1,0.08,0.01,0.09,0.08,0.09,Matches
475,Pascal Struijk,DF,Leeds United,21,1999,29,22,2055,22.8,1,0,1,0,0,6,1,0.04,0,0.04,0.04,0.04,1.3,1.3,0.3,1.6,0.06,0.01,0.07,0.06,0.07,Matches
476,Crysencio Summerville,MFFW,Leeds United,19,2001,6,0,130,1.4,0,0,0,0,0,0,0,0,0,0,0,0,0.3,0.3,0.1,0.3,0.18,0.03,0.21,0.18,0.21,Matches
477,Jakob Sørensen,MFDF,Norwich City,23,1998,10,6,604,6.7,0,0,0,0,0,0,0,0,0,0,0,0,0.4,0.4,0,0.4,0.06,0,0.06,0.06,0.06,Matches
478,Japhet Tanganga,DF,Tottenham,22,1999,11,10,735,8.2,0,0,0,0,0,4,1,0,0,0,0,0,0.4,0.4,0.4,0.7,0.05,0.05,0.09,0.05,0.09,Matches
479,Matt Targett,DF,Aston Villa,25,1995,17,17,1431,15.9,1,1,1,0,0,2,0,0.06,0.06,0.13,0.06,0.13,0.5,0.5,2.2,2.7,0.03,0.14,0.17,0.03,0.17,Matches
480,Matt Targett,DF,Newcastle Utd,25,1995,16,16,1440,16,0,0,0,0,0,1,0,0,0,0,0,0,0.3,0.3,1.6,1.9,0.02,0.1,0.12,0.02,0.12,Matches
481,James Tarkowski,DF,Burnley,28,1992,35,35,3106,34.5,1,2,1,0,0,11,0,0.03,0.06,0.09,0.03,0.09,2,2,0.6,2.6,0.06,0.02,0.08,0.06,0.08,Matches
482,Nuno Tavares,DF,Arsenal,21,2000,22,13,1176,13.1,1,1,1,0,0,2,0,0.08,0.08,0.15,0.08,0.15,1.5,1.5,1,2.5,0.11,0.08,0.19,0.11,0.19,Matches
483,Charlie Taylor,DF,Burnley,27,1993,31,30,2731,30.3,0,3,0,0,0,3,0,0,0.1,0.1,0,0.1,0.2,0.2,3.5,3.7,0.01,0.11,0.12,0.01,0.12,Matches
484,Nathan Tella,MFFW,Southampton,22,1999,14,10,804,8.9,0,1,0,0,0,2,0,0,0.11,0.11,0,0.11,0.5,0.5,0.7,1.3,0.06,0.08,0.14,0.06,0.14,Matches
485,Alex Telles,DF,Manchester Utd,28,1992,21,18,1660,18.4,0,4,0,0,0,1,0,0,0.22,0.22,0,0.22,0.5,0.5,2,2.4,0.03,0.11,0.13,0.03,0.13,Matches
486,Luke Thomas,DF,Leicester City,20,2001,22,21,1912,21.2,0,1,0,0,0,2,0,0,0.05,0.05,0,0.05,0.2,0.2,1.6,1.8,0.01,0.07,0.08,0.01,0.08,Matches
487,Dominic Thompson,DF,Brentford,21,2000,2,2,146,1.6,0,0,0,0,0,0,0,0,0,0,0,0,0,0,0,0,0.01,0,0.01,0.01,0.01,Matches
488,Youri Tielemans,MF,Leicester City,24,1997,32,29,2631,29.2,6,4,4,2,2,3,0,0.21,0.14,0.34,0.14,0.27,4.6,3.1,4.9,7.9,0.16,0.17,0.32,0.11,0.27,Matches
489,Kieran Tierney,DF,Arsenal,24,1997,22,22,1915,21.3,1,3,1,0,0,0,0,0.05,0.14,0.19,0.05,0.19,0.7,0.7,1.9,2.6,0.03,0.09,0.12,0.03,0.12,Matches
490,Takehiro Tomiyasu,DF,Arsenal,22,1998,21,20,1679,18.7,0,1,0,0,0,2,0,0,0.05,0.05,0,0.05,0.8,0.8,0.6,1.4,0.04,0.03,0.08,0.04,0.08,Matches
491,James Tomkins,DF,Crystal Palace,32,1989,8,6,547,6.1,1,0,1,0,0,2,0,0.16,0,0.16,0.16,0.16,0.6,0.6,0.4,0.9,0.09,0.06,0.15,0.09,0.15,Matches
492,Ivan Toney,FW,Brentford,25,1996,33,32,2909,32.3,12,5,7,5,5,8,0,0.37,0.15,0.53,0.22,0.37,12,8.2,5.8,14,0.37,0.18,0.55,0.25,0.43,Matches
493,Ferrán Torres,FW,Manchester City,21,2000,4,4,303,3.4,2,1,2,0,0,0,0,0.59,0.3,0.89,0.59,0.89,2.5,2.5,0,2.5,0.74,0.01,0.75,0.74,0.75,Matches
494,Cenk Tosun,FW,Everton,30,1991,1,0,7,0.1,0,0,0,0,0,0,0,0,0,0,0,0,0,0,0,0,0,0,0,0,0,Matches
495,Andros Townsend,MF,Everton,30,1991,21,17,1455,16.2,3,2,2,1,1,3,0,0.19,0.12,0.31,0.12,0.25,2.3,1.5,2.4,3.9,0.14,0.15,0.29,0.09,0.24,Matches
496,Adama Traoré,FW,Wolves,25,1996,20,10,1067,11.9,1,0,1,0,0,0,0,0.08,0,0.08,0.08,0.08,2.4,2.4,1.7,4.1,0.2,0.15,0.35,0.2,0.35,Matches
497,Bertrand Traoré,MFFW,Aston Villa,25,1995,9,1,220,2.4,0,0,0,0,0,0,0,0,0,0,0,0,0.3,0.3,0,0.3,0.13,0,0.13,0.13,0.13,Matches
498,Trézéguet,FW,Aston Villa,26,1994,1,0,11,0.1,0,0,0,0,0,0,0,0,0,0,0,0,0.1,0.1,0,0.1,0.51,0,0.51,0.51,0.51,Matches
499,Francisco Trincão,FWMF,Wolves,21,1999,28,16,1336,14.8,2,1,2,0,0,0,0,0.13,0.07,0.2,0.13,0.2,3.4,3.4,1.2,4.6,0.23,0.08,0.31,0.23,0.31,Matches
500,Kieran Trippier,DF,Newcastle Utd,30,1990,6,5,429,4.8,2,0,2,0,0,0,0,0.42,0,0.42,0.42,0.42,0.1,0.1,0.4,0.6,0.03,0.09,0.12,0.03,0.12,Matches
501,William Troost-Ekong,DF,Watford,27,1993,17,15,1390,15.4,0,0,0,0,0,3,0,0,0,0,0,0,0.1,0.1,0.1,0.2,0.01,0.01,0.01,0.01,0.01,Matches
502,Leandro Trossard,FWMF,Brighton,26,1994,34,32,2805,31.2,8,3,7,1,1,2,0,0.26,0.1,0.35,0.22,0.32,6.8,6,4.1,10.1,0.22,0.13,0.35,0.19,0.32,Matches
503,Kostas Tsimikas,DF,Liverpool,25,1996,13,9,877,9.7,0,2,0,0,0,3,0,0,0.21,0.21,0,0.21,0.5,0.5,2.6,3.1,0.06,0.26,0.32,0.06,0.32,Matches
504,Axel Tuanzebe,DF,Aston Villa,23,1997,9,6,508,5.6,0,0,0,0,0,1,0,0,0,0,0,0,0.2,0.2,0,0.2,0.03,0,0.03,0.03,0.03,Matches
505,Ozan Tufan,MF,Watford,26,1995,7,4,334,3.7,0,0,0,0,0,0,0,0,0,0,0,0,0.5,0.5,0.2,0.8,0.14,0.07,0.2,0.14,0.2,Matches
506,Christos Tzolis,FWMF,Norwich City,19,2002,14,3,336,3.7,0,0,0,0,0,0,0,0,0,0,0,0,0.5,0.5,1,1.4,0.13,0.26,0.38,0.13,0.38,Matches
507,Yan Valery,DF,Southampton,22,1999,5,3,370,4.1,0,0,0,0,0,0,0,0,0,0,0,0,0,0,0.1,0.1,0.01,0.02,0.03,0.01,0.03,Matches
508,Raphaël Varane,DF,Manchester Utd,28,1993,22,20,1831,20.3,1,1,1,0,0,0,0,0.05,0.05,0.1,0.05,0.1,0.8,0.8,0.2,1,0.04,0.01,0.05,0.04,0.05,Matches
509,Jamie Vardy,FW,Leicester City,34,1987,25,20,1806,20.1,15,2,15,0,0,2,0,0.75,0.1,0.85,0.75,0.85,9.5,9.5,1.6,11.1,0.47,0.08,0.55,0.47,0.55,Matches
510,Joël Veltman,DF,Brighton,29,1992,34,33,2874,31.9,1,1,1,0,0,6,0,0.03,0.03,0.06,0.03,0.06,0.9,0.9,1.1,2,0.03,0.03,0.06,0.03,0.06,Matches
511,Jannik Vestergaard,DF,Leicester City,28,1992,10,6,567,6.3,0,0,0,0,0,2,0,0,0,0,0,0,0.1,0.1,0,0.1,0.01,0.01,0.01,0.01,0.01,Matches
512,Nikola Vlašić,FWMF,West Ham,23,1997,19,6,560,6.2,1,0,1,0,0,0,0,0.16,0,0.16,0.16,0.16,1,1,0.4,1.4,0.16,0.07,0.23,0.16,0.23,Matches
513,Matěj Vydra,FW,Burnley,29,1992,22,5,679,7.5,2,3,2,0,0,1,0,0.27,0.4,0.66,0.27,0.66,3,3,0.6,3.6,0.4,0.08,0.48,0.4,0.48,Matches
514,Theo Walcott,MFFW,Southampton,32,1989,9,5,379,4.2,0,0,0,0,0,0,0,0,0,0,0,0,0.7,0.7,0,0.7,0.17,0.01,0.18,0.17,0.18,Matches
515,Kyle Walker,DF,Manchester City,31,1990,20,20,1755,19.5,0,2,0,0,0,1,0,0,0.1,0.1,0,0.1,0.3,0.3,1.2,1.4,0.01,0.06,0.07,0.01,0.07,Matches
516,Kyle Walker-Peters,DF,Southampton,24,1997,32,29,2633,29.3,1,2,1,0,0,5,0,0.03,0.07,0.1,0.03,0.1,1,1,2.9,3.8,0.03,0.1,0.13,0.03,0.13,Matches
517,Aaron Wan-Bissaka,DF,Manchester Utd,23,1997,20,20,1793,19.9,0,0,0,0,0,2,0,0,0,0,0,0,0.2,0.2,0.9,1.1,0.01,0.05,0.06,0.01,0.06,Matches
518,Danny Ward,GK,Leicester City,28,1993,1,1,90,1,0,0,0,0,0,0,0,0,0,0,0,0,0,0,0,0,0,0,0,0,0,Matches
519,Joel Ward,DF,Crystal Palace,31,1989,28,27,2487,27.6,0,0,0,0,0,8,0,0,0,0,0,0,0.4,0.4,0.6,1,0.01,0.02,0.03,0.01,0.03,Matches
520,James Ward-Prowse,MF,Southampton,26,1994,36,36,3215,35.7,10,5,6,4,4,3,1,0.28,0.14,0.42,0.17,0.31,5.4,2.3,6.2,8.5,0.15,0.17,0.32,0.07,0.24,Matches
521,Ollie Watkins,FW,Aston Villa,25,1995,35,33,2952,32.8,11,2,10,1,1,7,0,0.34,0.06,0.4,0.3,0.37,12.2,11.4,2.9,14.3,0.37,0.09,0.46,0.35,0.44,Matches
522,Adam Webster,DF,Brighton,26,1995,22,16,1434,15.9,2,0,2,0,0,5,0,0.13,0,0.13,0.13,0.13,1.1,1.1,0.1,1.2,0.07,0,0.08,0.07,0.08,Matches
523,Wout Weghorst,FW,Burnley,28,1992,20,17,1450,16.1,2,3,2,0,0,3,0,0.12,0.19,0.31,0.12,0.31,4.2,4.2,1.4,5.7,0.26,0.09,0.35,0.26,0.35,Matches
524,Danny Welbeck,FW,Brighton,30,1990,25,15,1478,16.4,6,2,6,0,0,0,0,0.37,0.12,0.49,0.37,0.49,6.1,6.1,1,7.1,0.37,0.06,0.44,0.37,0.44,Matches
525,Timo Werner,FWMF,Chelsea,25,1996,21,15,1283,14.3,4,1,4,0,0,1,0,0.28,0.07,0.35,0.28,0.35,7.6,7.6,0.4,8,0.53,0.03,0.56,0.53,0.56,Matches
526,Ashley Westwood,MF,Burnley,31,1990,27,26,2287,25.4,0,3,0,0,0,7,0,0,0.12,0.12,0,0.12,0.8,0.8,3.6,4.3,0.03,0.14,0.17,0.03,0.17,Matches
527,Ben White,DF,Arsenal,23,1997,32,32,2880,32,0,0,0,0,0,3,0,0,0,0,0,0,1,1,0.6,1.6,0.03,0.02,0.05,0.03,0.05,Matches
528,Brandon Williams,DF,Norwich City,20,2000,26,23,2120,23.6,0,1,0,0,0,8,0,0,0.04,0.04,0,0.04,0.2,0.2,1.3,1.5,0.01,0.05,0.06,0.01,0.06,Matches
529,Neco Williams,DF,Liverpool,20,2001,1,0,8,0.1,0,1,0,0,0,0,0,0,11.25,11.25,0,11.25,0,0,0.6,0.6,0,6.5,6.5,0,6.5,Matches
530,Joe Willock,MF,Newcastle Utd,21,1999,29,24,2038,22.6,2,0,2,0,0,0,0,0.09,0,0.09,0.09,0.09,3.6,3.6,1.2,4.8,0.16,0.05,0.21,0.16,0.21,Matches
531,Callum Wilson,FW,Newcastle Utd,29,1992,18,16,1386,15.4,8,0,6,2,2,4,0,0.52,0,0.52,0.39,0.39,6.5,5,0.6,5.5,0.42,0.04,0.46,0.32,0.36,Matches
532,Harry Winks,MF,Tottenham,25,1996,19,9,912,10.1,0,1,0,0,0,2,0,0,0.1,0.1,0,0.1,0.1,0.1,1.5,1.6,0.01,0.15,0.16,0.01,0.16,Matches
533,Yoane Wissa,FWMF,Brentford,24,1996,30,12,1284,14.3,7,1,7,0,0,0,0,0.49,0.07,0.56,0.49,0.56,3.7,3.7,0.7,4.4,0.26,0.05,0.31,0.26,0.31,Matches
534,Chris Wood,FW,Burnley,29,1991,17,17,1367,15.2,3,0,3,0,0,1,0,0.2,0,0.2,0.2,0.2,4.5,4.5,0.2,4.7,0.3,0.02,0.31,0.3,0.31,Matches
535,Chris Wood,FW,Newcastle Utd,29,1991,17,15,1327,14.7,2,0,1,1,1,0,0,0.14,0,0.14,0.07,0.07,2.9,2.1,1,3.1,0.19,0.07,0.26,0.14,0.21,Matches
536,Freddie Woodman,GK,Newcastle Utd,24,1997,4,4,360,4,0,0,0,0,0,0,0,0,0,0,0,0,0,0,0,0,0,0,0,0,0,Matches
537,Granit Xhaka,MFDF,Arsenal,28,1992,27,27,2327,25.9,1,2,1,0,0,10,1,0.04,0.08,0.12,0.04,0.12,1.2,1.2,2.3,3.5,0.05,0.09,0.14,0.05,0.14,Matches
538,Andriy Yarmolenko,FW,West Ham,31,1989,19,1,316,3.5,1,0,1,0,0,1,0,0.28,0,0.28,0.28,0.28,0.8,0.8,0.2,1,0.24,0.05,0.29,0.24,0.29,Matches
539,Ashley Young,DFFW,Aston Villa,36,1985,24,10,1250,13.9,0,2,0,0,0,2,0,0,0.14,0.14,0,0.14,0.4,0.4,0.7,1.1,0.03,0.05,0.08,0.03,0.08,Matches
540,Nathan Young-Coombes,FW,Brentford,18,2003,1,0,4,0,0,0,0,0,0,0,0,0,0,0,0,0,0,0,0,0,0,0,0,0,0,Matches
541,Wilfried Zaha,FW,Crystal Palace,28,1992,33,31,2760,30.7,14,1,9,5,7,6,1,0.46,0.03,0.49,0.29,0.33,9.4,4,4.8,8.8,0.31,0.16,0.46,0.13,0.29,Matches
542,Christoph Zimmermann,DF,Norwich City,28,1993,3,2,157,1.7,0,0,0,0,0,0,0,0,0,0,0,0,0.1,0.1,0,0.1,0.04,0,0.04,0.04,0.04,Matches
543,Oleksandr Zinchenko,DF,Manchester City,24,1996,15,10,1047,11.6,0,4,0,0,0,0,0,0,0.34,0.34,0,0.34,0.4,0.4,2,2.5,0.04,0.18,0.21,0.04,0.21,Matches
544,Hakim Ziyech,FWMF,Chelsea,28,1993,23,14,1319,14.7,4,3,4,0,0,3,0,0.27,0.2,0.48,0.27,0.48,3.4,3.4,3.5,6.9,0.23,0.24,0.47,0.23,0.47,Matches
545,Kurt Zouma,DF,West Ham,26,1994,24,24,2078,23.1,1,0,1,0,0,1,0,0.04,0,0.04,0.04,0.04,0.9,0.9,0,0.9,0.04,0,0.04,0.04,0.04,Matches
546,Martin Ødegaard,MF,Arsenal,22,1998,36,32,2785,30.9,7,4,7,0,0,4,0,0.23,0.13,0.36,0.23,0.36,4.8,4.8,6.8,11.6,0.16,0.22,0.38,0.16,0.38,Matches