,,,,,,,SCA,SCA,SCA Types,SCA Types,SCA Types,SCA Types,SCA Types,SCA Types,GCA,GCA,GCA Types,GCA Types,GCA Types,GCA Types,GCA Types,GCA Types,
Rk,Player,Pos,Squad,Age,Born,90s,SCA,SCA90,PassLive,PassDead,Drib,Sh,Fld,Def,GCA,GCA90,PassLive,PassDead,Drib,Sh,Fld,Def,Matches
1,Max Aarons,DF,Norwich City,21,2000,32,38,1.19,27,2,3,4,2,0,5,0.16,5,0,0,0,0,0,Matches
2,Che Adams,FW,Southampton,25,1996,22.7,51,2.25,34,0,1,4,11,1,4,0.18,3,0,0,0,0,1,Matches
3,Rayan Aït Nouri,DF,Wolves,20,2001,20.3,44,2.17,26,10,4,0,2,2,6,0.3,4,1,0,0,1,0,Matches
4,Kristoffer Ajer,DF,Brentford,23,1998,22.2,28,1.26,20,4,1,1,1,1,6,0.27,3,1,1,0,1,0,Matches
5,Nathan Aké,DF,Manchester City,26,1995,10.3,3,0.29,3,0,0,0,0,0,0,0,0,0,0,0,0,0,Matches
6,Marc Albrighton,FWDF,Leicester City,31,1989,12.6,19,1.51,14,3,0,0,2,0,2,0.16,2,0,0,0,0,0,Matches
7,Thiago Alcántara,MF,Liverpool,30,1991,17,61,3.58,52,0,1,5,0,3,6,0.35,6,0,0,0,0,0,Matches
8,Trent Alexander-Arnold,DF,Liverpool,22,1998,31.7,150,4.73,87,52,5,5,1,0,17,0.54,11,5,0,1,0,0,Matches
9,Alisson,GK,Liverpool,28,1992,36,3,0.08,3,0,0,0,0,0,1,0.03,1,0,0,0,0,0,Matches
10,Allan,MF,Everton,30,1991,24.3,32,1.32,31,0,0,0,1,0,6,0.25,5,0,0,0,1,0,Matches
11,Dele Alli,MF,Everton,25,1996,3.8,10,2.66,9,1,0,0,0,0,1,0.27,1,0,0,0,0,0,Matches
12,Dele Alli,MFFW,Tottenham,25,1996,7.3,8,1.1,5,0,0,0,3,0,1,0.14,0,0,0,0,1,0,Matches
13,Miguel Almirón,MFFW,Newcastle Utd,27,1994,19.1,45,2.36,31,0,3,8,2,1,5,0.26,4,0,1,0,0,0,Matches
14,Marcos Alonso,DF,Chelsea,30,1990,24.1,89,3.7,61,15,4,5,2,2,9,0.37,7,1,0,1,0,0,Matches
15,Steven Alzate,MF,Brighton,22,1998,4.5,7,1.56,7,0,0,0,0,0,1,0.22,1,0,0,0,0,0,Matches
16,Daniel Amartey,DF,Leicester City,26,1994,23.6,17,0.72,16,0,0,0,0,1,1,0.04,1,0,0,0,0,0,Matches
17,Joachim Andersen,DF,Crystal Palace,25,1996,32.4,33,1.02,29,1,0,1,0,2,5,0.15,4,0,0,1,0,0,Matches
18,Michail Antonio,FW,West Ham,31,1990,33,102,3.09,65,0,13,10,8,6,17,0.51,9,0,1,4,2,1,Matches
19,Cameron Archer,MFFW,Aston Villa,20,2001,0.3,0,0,0,0,0,0,0,0,0,0,0,0,0,0,0,0,Matches
20,Alphonse Areola,GK,West Ham,28,1993,1,0,0,0,0,0,0,0,0,0,0,0,0,0,0,0,0,Matches
21,Adam Armstrong,FW,Southampton,24,1997,15.7,29,1.85,17,0,4,4,4,0,3,0.19,2,0,0,0,1,0,Matches
22,Stuart Armstrong,MF,Southampton,29,1992,16.4,51,3.12,40,2,2,2,4,1,2,0.12,1,0,0,0,1,0,Matches
23,Kepa Arrizabalaga,GK,Chelsea,26,1994,4,0,0,0,0,0,0,0,0,0,0,0,0,0,0,0,0,Matches
24,Harrison Ashby,DF,West Ham,19,2001,0.1,0,0,0,0,0,0,0,0,0,0,0,0,0,0,0,0,Matches
25,Pierre-Emerick Aubameyang,FW,Arsenal,32,1989,11.5,23,2,14,0,1,5,3,0,3,0.26,2,0,0,1,0,0,Matches
26,Jordan Ayew,FW,Crystal Palace,29,1991,22.4,47,2.1,31,1,1,3,8,3,6,0.27,4,0,0,0,1,1,Matches
27,Luke Ayling,DF,Leeds United,29,1991,25.2,22,0.87,16,0,0,6,0,0,3,0.12,0,0,0,3,0,0,Matches
28,César Azpilicueta,DF,Chelsea,31,1989,23,44,1.91,41,0,2,1,0,0,8,0.35,6,0,1,1,0,0,Matches
29,Daniel Bachmann,GK,Watford,27,1994,12,0,0,0,0,0,0,0,0,0,0,0,0,0,0,0,0,Matches
30,Leon Bailey,FWMF,Aston Villa,23,1997,8.5,21,2.48,15,1,2,1,2,0,3,0.35,2,0,1,0,0,0,Matches
31,Eric Bailly,DF,Manchester Utd,27,1994,2.4,1,0.41,1,0,0,0,0,0,0,0,0,0,0,0,0,0,Matches
32,Folarin Balogun,FW,Arsenal,20,2001,0.8,0,0,0,0,0,0,0,0,0,0,0,0,0,0,0,0,Matches
33,Patrick Bamford,FW,Leeds United,27,1993,6.2,12,1.93,9,0,1,0,1,1,3,0.48,2,0,1,0,0,0,Matches
34,Shandon Baptiste,MF,Brentford,23,1998,10.1,17,1.68,13,0,1,1,0,2,2,0.2,1,0,0,0,0,1,Matches
35,Ross Barkley,MF,Chelsea,27,1993,2,18,9.05,12,3,2,0,1,0,3,1.51,3,0,0,0,0,0,Matches
36,Ashley Barnes,FW,Burnley,31,1989,9,21,2.34,15,0,0,2,3,1,1,0.11,1,0,0,0,0,0,Matches
37,Harvey Barnes,FWMF,Leicester City,23,1997,23.3,57,2.44,45,0,8,2,2,0,13,0.56,11,0,0,2,0,0,Matches
38,Lewis Bate,MF,Leeds United,18,2002,1.6,2,1.23,1,0,0,1,0,0,0,0,0,0,0,0,0,0,Matches
39,Mads Bech Sørensen,DF,Brentford,22,1999,9.3,9,0.97,4,5,0,0,0,0,0,0,0,0,0,0,0,0,Matches
40,Jan Bednarek,DF,Southampton,25,1996,29.2,19,0.65,16,2,0,0,0,1,0,0,0,0,0,0,0,0,Matches
41,Donny van de Beek,MF,Manchester Utd,24,1997,0.8,5,6,4,0,1,0,0,0,0,0,0,0,0,0,0,0,Matches
42,Donny van de Beek,MF,Everton,24,1997,5.4,5,0.93,5,0,0,0,0,0,0,0,0,0,0,0,0,0,Matches
43,Asmir Begović,GK,Everton,34,1987,3,0,0,0,0,0,0,0,0,0,0,0,0,0,0,0,0,Matches
44,Saïd Benrahma,FWMF,West Ham,25,1995,24.1,69,2.86,53,0,6,5,4,1,8,0.33,7,0,0,1,0,0,Matches
45,Rodrigo Bentancur,MF,Tottenham,24,1997,15.1,35,2.31,33,0,0,2,0,0,7,0.46,6,0,0,1,0,0,Matches
46,Christian Benteke,FW,Crystal Palace,30,1990,12.7,20,1.57,17,0,1,1,1,0,1,0.08,1,0,0,0,0,0,Matches
47,Jóhann Berg Guðmundsson,MF,Burnley,30,1990,12.2,19,1.55,14,0,1,1,2,1,2,0.16,2,0,0,0,0,0,Matches
48,Steven Bergwijn,FWMF,Tottenham,23,1997,6.3,20,3.19,15,1,2,1,1,0,3,0.48,1,0,1,0,1,0,Matches
49,Ryan Bertrand,DF,Leicester City,31,1989,3.7,2,0.53,1,1,0,0,0,0,0,0,0,0,0,0,0,0,Matches
50,Mads Bidstrup,MF,Brentford,20,2001,0.5,0,0,0,0,0,0,0,0,0,0,0,0,0,0,0,0,Matches
51,Yves Bissouma,MF,Brighton,24,1996,23.5,24,1.02,16,0,4,1,2,1,4,0.17,3,0,0,0,1,0,Matches
52,Willy Boly,DF,Wolves,30,1991,10,2,0.2,1,0,0,0,0,1,0,0,0,0,0,0,0,0,Matches
53,Jarrod Bowen,FW,West Ham,24,1996,33.1,95,2.87,53,19,8,8,4,3,21,0.63,10,4,3,1,3,0,Matches
54,Jarrad Branthwaite,DF,Everton,19,2002,4.3,0,0,0,0,0,0,0,0,0,0,0,0,0,0,0,0,Matches
55,Armando Broja,FW,Southampton,19,2001,21.9,37,1.69,17,0,6,5,5,4,3,0.14,0,0,1,0,2,0,Matches
56,Josh Brownhill,MF,Burnley,25,1995,32.8,66,2.01,41,19,2,1,1,2,4,0.12,1,2,1,0,0,0,Matches
57,Lewis Brunt,MF,Leicester City,20,2000,0.3,0,0,0,0,0,0,0,0,0,0,0,0,0,0,0,0,Matches
58,Bryan,FWMF,Tottenham,20,2001,1,5,4.79,4,0,0,1,0,0,1,0.96,1,0,0,0,0,0,Matches
59,Emi Buendía,FWMF,Aston Villa,24,1996,21.1,74,3.51,61,3,3,2,5,0,10,0.47,7,0,2,1,0,0,Matches
60,Dan Burn,DF,Brighton,29,1992,11.4,5,0.44,4,0,0,1,0,0,0,0,0,0,0,0,0,0,Matches
61,Dan Burn,DF,Newcastle Utd,29,1992,16,4,0.25,3,1,0,0,0,0,1,0.06,1,0,0,0,0,0,Matches
62,Jack Butland,GK,Crystal Palace,28,1993,8.5,0,0,0,0,0,0,0,0,0,0,0,0,0,0,0,0,Matches
63,Sam Byram,DF,Norwich City,27,1993,11.4,11,0.96,8,0,1,1,0,1,2,0.18,1,0,0,0,0,1,Matches
64,Willy Caballero,GK,Southampton,39,1981,2,0,0,0,0,0,0,0,0,0,0,0,0,0,0,0,0,Matches
65,Moisés Caicedo,MF,Brighton,19,2001,7.3,10,1.36,8,0,1,1,0,0,2,0.27,2,0,0,0,0,0,Matches
66,Dominic Calvert-Lewin,FW,Everton,24,1997,14.3,30,2.1,21,1,2,1,4,1,4,0.28,3,0,0,0,1,0,Matches
67,Chem Campbell,MF,Wolves,18,2002,0.1,0,0,0,0,0,0,0,0,0,0,0,0,0,0,0,0,Matches
68,João Cancelo,DF,Manchester City,27,1994,35.9,103,2.87,82,0,7,12,1,1,16,0.45,11,0,1,3,0,1,Matches
69,Sergi Canós,DF,Brentford,24,1997,23.1,35,1.51,28,2,2,2,1,0,5,0.22,4,0,0,1,0,0,Matches
70,Todd Cantwell,FWMF,Norwich City,23,1998,4.9,5,1.02,5,0,0,0,0,0,0,0,0,0,0,0,0,0,Matches
71,Matty Cash,DF,Aston Villa,23,1997,37.5,54,1.44,37,4,4,2,6,1,7,0.19,4,2,1,0,0,0,Matches
72,Timothy Castagne,DF,Leicester City,25,1995,23.6,25,1.06,21,3,0,0,1,0,1,0.04,0,0,0,0,1,0,Matches
73,Jonny Castro,DF,Wolves,27,1994,11.4,18,1.58,16,0,0,0,1,1,0,0,0,0,0,0,0,0,Matches
74,Craig Cathcart,DF,Watford,32,1989,26.6,5,0.19,5,0,0,0,0,0,0,0,0,0,0,0,0,0,Matches
75,Edinson Cavani,FW,Manchester Utd,34,1987,8.5,11,1.29,8,0,0,2,1,0,2,0.23,1,0,0,1,0,0,Matches
76,Kayky Chagas,FW,Manchester City,18,2003,0.1,0,0,0,0,0,0,0,0,0,0,0,0,0,0,0,0,Matches
77,Trevoh Chalobah,DF,Chelsea,22,1999,16.1,7,0.43,7,0,0,0,0,0,1,0.06,1,0,0,0,0,0,Matches
78,Calum Chambers,DF,Aston Villa,26,1995,9.2,13,1.41,12,0,0,1,0,0,1,0.11,1,0,0,0,0,0,Matches
79,Calum Chambers,DF,Arsenal,26,1995,1.9,1,0.53,1,0,0,0,0,0,0,0,0,0,0,0,0,0,Matches
80,Daniel Chesters,MF,West Ham,19,2002,0,0,0,0,0,0,0,0,0,0,0,0,0,0,0,0,0,Matches
81,Ben Chilwell,DF,Chelsea,24,1996,6,21,3.49,11,7,1,1,0,1,1,0.17,0,1,0,0,0,0,Matches
82,Chiquinho,DFMF,Wolves,21,2000,2.3,10,4.33,7,1,1,0,1,0,3,1.3,3,0,0,0,0,0,Matches
83,Hamza Choudhury,DFMF,Leicester City,23,1997,3.2,1,0.32,0,0,0,0,1,0,0,0,0,0,0,0,0,0,Matches
84,Andreas Christensen,DF,Chelsea,25,1996,16.6,8,0.48,7,0,1,0,0,0,0,0,0,0,0,0,0,0,Matches
85,Carney Chukwuemeka,MFFW,Aston Villa,17,2004,3.3,4,1.2,4,0,0,0,0,0,1,0.3,1,0,0,0,0,0,Matches
86,Ciaran Clark,DF,Newcastle Utd,31,1989,11.3,5,0.44,4,0,0,1,0,0,1,0.09,1,0,0,0,0,0,Matches
87,Tom Cleverley,MF,Watford,31,1989,18,35,1.95,20,10,0,1,4,0,3,0.17,2,1,0,0,0,0,Matches
88,Nathaniel Clyne,DF,Crystal Palace,30,1991,15,11,0.73,9,1,0,0,0,1,2,0.13,2,0,0,0,0,0,Matches
89,Conor Coady,DF,Wolves,28,1993,37.3,7,0.19,7,0,0,0,0,0,0,0,0,0,0,0,0,0,Matches
90,Séamus Coleman,DF,Everton,32,1988,29.5,38,1.29,28,3,0,2,3,2,4,0.14,2,0,0,0,2,0,Matches
91,Nathan Collins,DF,Burnley,20,2001,18.6,17,0.92,10,2,1,3,1,0,1,0.05,1,0,0,0,0,0,Matches
92,Aaron Connolly,FW,Brighton,21,2000,1.7,2,1.15,2,0,0,0,0,0,0,0,0,0,0,0,0,0,Matches
93,Liam Cooper,DF,Leeds United,29,1991,20.2,9,0.45,7,0,0,1,1,0,2,0.1,1,0,0,1,0,0,Matches
94,Jack Cork,MF,Burnley,32,1989,18.6,12,0.65,10,0,0,0,1,1,0,0,0,0,0,0,0,0,Matches
95,Maxwel Cornet,FWMF,Burnley,24,1996,19.6,27,1.38,16,3,1,3,4,0,6,0.31,1,1,1,1,2,0,Matches
96,Hélder Costa,MF,Leeds United,27,1994,0.2,0,0,0,0,0,0,0,0,0,0,0,0,0,0,0,0,Matches
97,Vladimír Coufal,DF,West Ham,28,1992,24.5,46,1.87,35,8,0,1,1,1,7,0.29,6,1,0,0,0,0,Matches
98,Philippe Coutinho,MFFW,Aston Villa,29,1992,14.8,54,3.66,38,4,4,5,3,0,6,0.41,5,0,0,1,0,0,Matches
99,Aaron Cresswell,DF,West Ham,31,1989,30.3,49,1.62,27,20,0,2,0,0,5,0.17,2,3,0,0,0,0,Matches
100,Charlie Cresswell,DF,Leeds United,18,2002,1.6,1,0.64,1,0,0,0,0,0,0,0,0,0,0,0,0,0,Matches
101,Cucho,FWMF,Watford,22,1999,12.7,40,3.14,26,4,5,3,1,1,6,0.47,3,1,0,1,0,1,Matches
102,Marc Cucurella,DF,Brighton,23,1998,34.3,78,2.27,66,7,1,2,1,1,2,0.06,1,1,0,0,0,0,Matches
103,Luke Cundle,MF,Wolves,19,2002,2,3,1.5,3,0,0,0,0,0,0,0,0,0,0,0,0,0,Matches
104,Patson Daka,FW,Leicester City,22,1998,12.9,24,1.86,21,0,0,1,1,1,7,0.54,5,0,0,1,0,1,Matches
105,Stuart Dallas,DFMF,Leeds United,30,1991,32.4,64,1.97,38,18,2,1,2,3,3,0.09,2,0,0,0,0,1,Matches
106,Diogo Dalot,DF,Manchester Utd,22,1999,20,37,1.85,33,1,2,0,1,0,5,0.25,5,0,0,0,0,0,Matches
107,Karl Darlow,GK,Newcastle Utd,30,1990,8,0,0,0,0,0,0,0,0,0,0,0,0,0,0,0,0,Matches
108,Josh Dasilva,MFFW,Brentford,22,1998,2.9,5,1.75,4,0,0,0,1,0,0,0,0,0,0,0,0,0,Matches
109,Ben Davies,DF,Tottenham,28,1993,28.2,29,1.03,27,1,0,1,0,0,4,0.14,3,0,0,1,0,0,Matches
110,Tom Davies,MF,Everton,23,1998,2.6,4,1.54,3,0,0,1,0,0,0,0,0,0,0,0,0,0,Matches
111,Keinan Davis,FW,Aston Villa,23,1998,0.1,0,0,0,0,0,0,0,0,0,0,0,0,0,0,0,0,Matches
112,Craig Dawson,DF,West Ham,31,1990,30.6,11,0.36,6,0,1,4,0,0,5,0.16,3,0,0,2,0,0,Matches
113,Kevin De Bruyne,MF,Manchester City,30,1991,24.5,139,5.68,94,32,3,5,5,0,14,0.57,8,3,2,0,1,0,Matches
114,Troy Deeney,FW,Watford,33,1988,0.3,1,3.6,1,0,0,0,0,0,0,0,0,0,0,0,0,0,Matches
115,Liam Delap,FW,Manchester City,18,2003,0.1,1,9,0,0,0,0,1,0,0,0,0,0,0,0,0,0,Matches
116,Fabian Delph,MF,Everton,31,1989,7.4,5,0.68,4,0,0,0,0,1,0,0,0,0,0,0,0,0,Matches
117,Leander Dendoncker,MF,Wolves,26,1995,21.7,28,1.29,26,0,0,1,0,1,8,0.37,6,0,0,1,0,1,Matches
118,Emmanuel Dennis,FWMF,Watford,23,1997,28.7,91,3.17,54,2,17,8,8,2,12,0.42,7,0,1,2,1,1,Matches
119,Kiernan Dewsbury Hall,MF,Leicester City,22,1998,23.4,66,2.82,49,3,4,3,5,2,6,0.26,5,1,0,0,0,0,Matches
120,Ibrahima Diallo,MF,Southampton,22,1999,11.4,29,2.55,25,0,2,0,1,1,4,0.35,4,0,0,0,0,0,Matches
121,Raphael Dias Belloli,FWMF,Leeds United,24,1996,32.4,119,3.67,66,22,13,9,6,3,9,0.28,4,0,2,0,2,1,Matches
122,Rúben Dias,DF,Manchester City,24,1997,26.7,30,1.12,26,0,0,3,0,1,6,0.22,4,0,0,2,0,0,Matches
123,Luis Díaz,FW,Liverpool,24,1997,10.6,49,4.6,34,0,10,3,0,2,4,0.38,3,0,0,1,0,0,Matches
124,Eric Dier,DF,Tottenham,27,1994,34.1,28,0.82,22,0,0,4,0,2,4,0.12,2,0,0,2,0,0,Matches
125,Lucas Digne,DF,Everton,28,1993,13,33,2.54,22,9,1,0,1,0,0,0,0,0,0,0,0,0,Matches
126,Lucas Digne,DF,Aston Villa,28,1993,14.1,46,3.26,33,12,1,0,0,0,7,0.5,6,1,0,0,0,0,Matches
127,Virgil van Dijk,DF,Liverpool,30,1991,34,24,0.71,18,0,0,6,0,0,6,0.18,4,0,0,2,0,0,Matches
128,Issa Diop,DF,West Ham,24,1997,10.7,2,0.19,2,0,0,0,0,0,1,0.09,1,0,0,0,0,0,Matches
129,Moussa Djenepo,MF,Southampton,23,1998,5.1,16,3.15,12,0,2,1,1,0,1,0.2,1,0,0,0,0,0,Matches
130,Lewis Dobbin,FWMF,Everton,18,2003,0.4,0,0,0,0,0,0,0,0,0,0,0,0,0,0,0,0,Matches
131,Matt Doherty,DF,Tottenham,29,1992,9.7,23,2.37,19,0,1,3,0,0,4,0.41,4,0,0,0,0,0,Matches
132,Gabriel Dos Santos,DF,Arsenal,23,1997,34,22,0.65,20,0,0,1,0,1,1,0.03,1,0,0,0,0,0,Matches
133,Abdoulaye Doucouré,MF,Everton,28,1993,28.2,53,1.88,48,0,2,2,0,1,7,0.25,5,0,1,1,0,0,Matches
134,Kieran Dowell,FWMF,Norwich City,23,1997,10.1,23,2.27,18,5,0,0,0,0,1,0.1,1,0,0,0,0,0,Matches
135,Cody Drameh,DF,Leeds United,19,2001,1.4,2,1.41,2,0,0,0,0,0,0,0,0,0,0,0,0,0,Matches
136,Martin Dúbravka,GK,Newcastle Utd,32,1989,26,2,0.08,0,2,0,0,0,0,0,0,0,0,0,0,0,0,Matches
137,Shane Duffy,DF,Brighton,29,1992,16,8,0.5,6,0,0,2,0,0,2,0.13,1,0,0,1,0,0,Matches
138,Paul Dummett,DF,Newcastle Utd,29,1991,2.2,1,0.45,0,1,0,0,0,0,0,0,0,0,0,0,0,0,Matches
139,Lewis Dunk,DF,Brighton,29,1991,28.6,15,0.52,11,1,0,3,0,0,2,0.07,1,1,0,0,0,0,Matches
140,Ederson,GK,Manchester City,27,1993,37,4,0.11,2,2,0,0,0,0,0,0,0,0,0,0,0,0,Matches
141,Odsonne Édouard,FW,Crystal Palace,23,1998,17.4,39,2.24,26,0,4,5,0,4,3,0.17,2,0,0,1,0,0,Matches
142,CJ Egan-Riley,DF,Manchester City,18,2003,0,0,0,0,0,0,0,0,0,0,0,0,0,0,0,0,0,Matches
143,Anthony Elanga,FW,Manchester Utd,19,2002,13.5,18,1.33,9,0,3,0,4,2,5,0.37,2,0,1,0,1,1,Matches
144,Harvey Elliott,MF,Liverpool,18,2003,3.8,21,5.46,14,1,1,3,2,0,1,0.26,1,0,0,0,0,0,Matches
145,Mohamed Elneny,MF,Arsenal,29,1992,9,13,1.45,13,0,0,0,0,0,2,0.22,2,0,0,0,0,0,Matches
146,Mohamed Elyounoussi,MFFW,Southampton,26,1994,22.7,52,2.29,41,0,2,5,3,1,5,0.22,3,0,0,2,0,0,Matches
147,Emerson,DF,Tottenham,22,1999,25.4,49,1.93,40,0,4,2,1,2,4,0.16,4,0,0,0,0,0,Matches
148,Christian Eriksen,MF,Brentford,29,1992,10.4,53,5.08,26,24,0,1,2,0,7,0.67,3,3,0,0,1,0,Matches
149,Oghenekaro Etebo,MF,Watford,25,1995,4.5,4,0.9,4,0,0,0,0,0,0,0,0,0,0,0,0,0,Matches
150,Jonny Evans,DF,Leicester City,33,1988,15,8,0.53,7,1,0,0,0,0,2,0.13,1,1,0,0,0,0,Matches
151,Eberechi Eze,MFFW,Crystal Palace,23,1998,6.7,22,3.27,11,7,1,1,1,1,2,0.3,1,1,0,0,0,0,Matches
152,Łukasz Fabiański,GK,West Ham,36,1985,37,3,0.08,2,1,0,0,0,0,0,0,0,0,0,0,0,0,Matches
153,Fabinho,MF,Liverpool,27,1993,25.7,39,1.52,31,0,0,3,4,1,5,0.19,3,0,0,2,0,0,Matches
154,Kiko Femenía,DF,Watford,30,1991,23.8,39,1.64,27,12,0,0,0,0,6,0.25,5,1,0,0,0,0,Matches
155,Evan Ferguson,MF,Brighton,16,2004,0.3,0,0,0,0,0,0,0,0,0,0,0,0,0,0,0,0,Matches
156,Nathan Ferguson,DF,Crystal Palace,20,2000,0.1,0,0,0,0,0,0,0,0,0,0,0,0,0,0,0,0,Matches
157,Bruno Fernandes,MF,Manchester Utd,26,1994,34.6,145,4.19,109,18,4,7,4,3,10,0.29,8,0,1,1,0,0,Matches
158,Álvaro Fernández,GK,Brentford,23,1998,12,0,0,0,0,0,0,0,0,0,0,0,0,0,0,0,0,Matches
159,Federico Fernández,DF,Newcastle Utd,32,1989,5.8,3,0.52,1,0,0,2,0,0,1,0.17,0,0,0,1,0,0,Matches
160,Fernandinho,MFDF,Manchester City,36,1985,10.7,30,2.8,24,0,0,4,2,0,4,0.37,4,0,0,0,0,0,Matches
161,Roberto Firmino,FW,Liverpool,29,1991,11,37,3.36,32,0,1,3,0,1,6,0.55,4,0,0,1,0,1,Matches
162,Junior Firpo,DF,Leeds United,24,1996,19,43,2.26,34,4,1,1,1,2,4,0.21,2,1,0,0,0,1,Matches
163,Ashley Fletcher,FW,Watford,25,1995,0.3,2,6,1,0,0,1,0,0,0,0,0,0,0,0,0,0,Matches
164,Phil Foden,FW,Manchester City,21,2000,23.6,83,3.51,57,13,3,6,3,1,13,0.55,8,3,0,2,0,0,Matches
165,Wesley Fofana,DF,Leicester City,20,2000,7,4,0.57,4,0,0,0,0,0,0,0,0,0,0,0,0,0,Matches
166,Pablo Fornals,FWMF,West Ham,25,1996,31.1,87,2.8,67,8,4,5,2,1,9,0.29,7,1,0,1,0,0,Matches
167,Adam Forshaw,MF,Leeds United,29,1991,17,27,1.59,26,0,0,1,0,0,1,0.06,1,0,0,0,0,0,Matches
168,Marcus Forss,FWMF,Brentford,22,1999,2.3,2,0.86,1,0,0,1,0,0,1,0.43,0,0,0,1,0,0,Matches
169,Fraser Forster,GK,Southampton,33,1988,19,2,0.11,0,2,0,0,0,0,0,0,0,0,0,0,0,0,Matches
170,Ben Foster,GK,Watford,38,1983,26,7,0.27,7,0,0,0,0,0,1,0.04,1,0,0,0,0,0,Matches
171,Tariqe Fosu,DF,Brentford,25,1995,0.2,0,0,0,0,0,0,0,0,0,0,0,0,0,0,0,0,Matches
172,Ryan Fraser,FWMF,Newcastle Utd,27,1994,16.3,47,2.89,28,8,0,5,5,1,6,0.37,3,1,0,1,1,0,Matches
173,Fred,MF,Manchester Utd,28,1993,22.5,57,2.53,47,0,1,1,4,4,8,0.36,6,0,0,0,1,1,Matches
174,Ryan Fredericks,DF,West Ham,28,1992,3.4,2,0.59,2,0,0,0,0,0,0,0,0,0,0,0,0,0,Matches
175,Leo Fuhr Hjelde,DF,Leeds United,17,2003,1.7,3,1.8,3,0,0,0,0,0,0,0,0,0,0,0,0,0,Matches
176,Conor Gallagher,MF,Crystal Palace,21,2000,31.6,89,2.82,44,23,3,7,10,2,13,0.41,8,1,2,0,1,1,Matches
177,Alejandro Garnacho,FW,Manchester Utd,17,2004,0.1,0,0,0,0,0,0,0,0,0,0,0,0,0,0,0,0,Matches
178,Dwight Gayle,FW,Newcastle Utd,30,1990,0.4,2,4.74,2,0,0,0,0,0,0,0,0,0,0,0,0,0,Matches
179,Jean-Philippe Gbamin,MF,Everton,25,1995,0.7,0,0,0,0,0,0,0,0,0,0,0,0,0,0,0,0,Matches
180,David de Gea,GK,Manchester Utd,30,1990,38,3,0.08,3,0,0,0,0,0,0,0,0,0,0,0,0,0,Matches
181,Joe Gelhardt,FWMF,Leeds United,19,2002,8.3,22,2.65,14,0,3,1,4,0,6,0.72,2,0,2,0,2,0,Matches
182,Anwar El Ghazi,FWMF,Aston Villa,26,1995,4.3,11,2.56,8,1,1,0,1,0,2,0.47,2,0,0,0,0,0,Matches
183,Anwar El Ghazi,FW,Everton,26,1995,0.1,0,0,0,0,0,0,0,0,0,0,0,0,0,0,0,0,Matches
184,Saman Ghoddos,DFMF,Brentford,27,1993,6,25,4.2,18,2,0,1,3,1,2,0.34,1,0,0,0,1,0,Matches
185,Dimitris Giannoulis,DF,Norwich City,25,1995,13,17,1.31,14,1,0,0,2,0,2,0.15,2,0,0,0,0,0,Matches
186,Morgan Gibbs-White,FWMF,Wolves,21,2000,0.1,0,0,0,0,0,0,0,0,0,0,0,0,0,0,0,0,Matches
187,Ben Gibson,DF,Norwich City,28,1993,27.7,11,0.4,10,0,0,0,0,1,1,0.04,1,0,0,0,0,0,Matches
188,Billy Gilmour,MF,Norwich City,20,2001,20.6,48,2.33,21,22,1,3,0,1,1,0.05,0,1,0,0,0,0,Matches
189,Ben Godfrey,DF,Everton,23,1998,22.5,31,1.38,24,2,1,2,0,2,2,0.09,1,0,0,1,0,0,Matches
190,André Gomes,MF,Everton,28,1993,6.9,13,1.89,9,0,2,1,1,0,2,0.29,1,0,1,0,0,0,Matches
191,Toti Gomes,DF,Wolves,22,1999,4,0,0,0,0,0,0,0,0,0,0,0,0,0,0,0,0,Matches
192,Joe Gomez,DF,Liverpool,24,1997,3.7,8,2.18,7,0,0,0,1,0,2,0.54,2,0,0,0,0,0,Matches
193,Charlie Goode,DF,Brentford,25,1995,5,12,2.4,2,7,1,1,0,1,0,0,0,0,0,0,0,0,Matches
194,Anthony Gordon,MFFW,Everton,20,2001,25.4,73,2.88,38,14,5,2,12,2,5,0.2,1,2,0,0,2,0,Matches
195,Kaide Gordon,FW,Liverpool,16,2004,0.1,0,0,0,0,0,0,0,0,0,0,0,0,0,0,0,0,Matches
196,Dan Gosling,MF,Watford,31,1990,1.8,2,1.08,1,0,0,0,1,0,0,0,0,0,0,0,0,0,Matches
197,Demarai Gray,MFFW,Everton,25,1996,26,83,3.2,48,13,12,4,6,0,6,0.23,3,1,1,1,0,0,Matches
198,Jack Grealish,FW,Manchester City,25,1995,21.3,110,5.17,87,1,5,5,11,1,7,0.33,7,0,0,0,0,0,Matches
199,Mason Greenwood,FWMF,Manchester Utd,19,2001,14.1,44,3.12,37,0,4,1,2,0,7,0.5,6,0,0,1,0,0,Matches
200,Sam Greenwood,MFFW,Leeds United,19,2002,2.6,6,2.28,5,0,0,1,0,0,2,0.76,2,0,0,0,0,0,Matches
201,Pascal Groß,MFDF,Brighton,30,1991,22.6,91,4.02,49,37,1,4,0,0,7,0.31,2,3,1,1,0,0,Matches
202,Vicente Guaita,GK,Crystal Palace,34,1987,29.5,1,0.03,1,0,0,0,0,0,0,0,0,0,0,0,0,0,Matches
203,Marc Guéhi,DF,Crystal Palace,21,2000,35.8,21,0.59,18,0,0,2,0,1,2,0.06,1,0,0,1,0,0,Matches
204,Bruno Guimarães,MF,Newcastle Utd,23,1997,11.5,24,2.09,19,0,1,2,0,2,3,0.26,1,0,0,1,0,1,Matches
205,İlkay Gündoğan,MF,Manchester City,30,1990,20.6,71,3.44,52,12,5,1,0,1,7,0.34,6,0,1,0,0,0,Matches
206,Angus Gunn,GK,Norwich City,25,1996,9,0,0,0,0,0,0,0,0,0,0,0,0,0,0,0,0,Matches
207,Grant Hanley,DF,Norwich City,29,1991,32.2,10,0.31,5,1,0,4,0,0,0,0,0,0,0,0,0,0,Matches
208,Jack Harrison,FWMF,Leeds United,24,1996,29.3,79,2.69,52,7,8,6,5,1,3,0.1,1,0,1,1,0,0,Matches
209,Kortney Hause,DF,Aston Villa,26,1995,4.4,0,0,0,0,0,0,0,0,0,0,0,0,0,0,0,0,Matches
210,Kai Havertz,FWMF,Chelsea,22,1999,20.1,53,2.64,40,0,2,6,5,0,7,0.35,4,0,1,1,1,0,Matches
211,Isaac Hayden,MFDF,Newcastle Utd,26,1995,11.1,6,0.54,6,0,0,0,0,0,0,0,0,0,0,0,0,0,Matches
212,Hwang Hee-chan,FWMF,Wolves,25,1996,20.2,34,1.69,23,0,3,3,3,2,3,0.15,1,0,1,0,0,1,Matches
213,Jordan Henderson,MF,Liverpool,31,1990,28.9,78,2.7,71,4,2,0,0,1,11,0.38,11,0,0,0,0,0,Matches
214,Jeff Hendrick,MF,Newcastle Utd,29,1992,0.8,1,1.25,1,0,0,0,0,0,0,0,0,0,0,0,0,0,Matches
215,Wayne Hennessey,GK,Burnley,34,1987,2,3,1.5,1,2,0,0,0,0,0,0,0,0,0,0,0,0,Matches
216,Rico Henry,DF,Brentford,24,1997,30.8,41,1.33,36,1,3,0,1,0,1,0.03,1,0,0,0,0,0,Matches
217,Son Heung-min,FWMF,Tottenham,29,1992,33.4,129,3.86,75,35,4,8,6,1,15,0.45,8,4,0,0,3,0,Matches
218,Ki-Jana Hoever,DF,Wolves,19,2002,3.4,3,0.88,3,0,0,0,0,0,0,0,0,0,0,0,0,0,Matches
219,Rob Holding,DF,Arsenal,25,1995,9.4,3,0.32,3,0,0,0,0,0,0,0,0,0,0,0,0,0,Matches
220,Mason Holgate,DF,Everton,24,1996,23.7,3,0.13,3,0,0,0,0,0,1,0.04,1,0,0,0,0,0,Matches
221,Callum Hudson-Odoi,FWMF,Chelsea,20,2000,10.7,51,4.77,37,0,7,3,4,0,6,0.56,4,0,0,0,2,0,Matches
222,Will Hughes,MF,Crystal Palace,26,1995,11.7,20,1.71,12,3,0,0,2,3,3,0.26,1,1,0,0,1,0,Matches
223,Pierre Højbjerg,MF,Tottenham,25,1995,35.5,81,2.28,67,3,5,1,2,3,5,0.14,5,0,0,0,0,0,Matches
224,Adam Idah,FWMF,Norwich City,20,2001,6.9,12,1.73,8,1,1,0,2,0,1,0.14,1,0,0,0,0,0,Matches
225,Kelechi Iheanacho,FW,Leicester City,24,1996,14,36,2.56,28,1,2,2,1,2,8,0.57,5,0,0,1,0,2,Matches
226,Danny Ings,FW,Aston Villa,29,1992,21.1,31,1.47,24,0,1,4,1,1,8,0.38,8,0,0,0,0,0,Matches
227,Tim Iroegbunam,MF,Aston Villa,18,2003,1,0,0,0,0,0,0,0,0,0,0,0,0,0,0,0,0,Matches
228,Alex Iwobi,MFDF,Everton,25,1996,22.6,62,2.74,58,2,0,1,0,1,6,0.27,6,0,0,0,0,0,Matches
229,Daniel James,FW,Manchester Utd,23,1997,1.4,3,2.14,2,0,0,1,0,0,0,0,0,0,0,0,0,0,Matches
230,Daniel James,FWMF,Leeds United,23,1997,26.3,53,2.02,36,0,3,6,7,1,5,0.19,3,0,1,0,1,0,Matches
231,Reece James,DF,Chelsea,21,1999,20.7,79,3.81,61,8,3,4,3,0,11,0.53,9,1,1,0,0,0,Matches
232,Vitaly Janelt,MF,Brentford,23,1998,25.5,53,2.08,40,3,2,4,3,1,4,0.16,3,0,0,1,0,0,Matches
233,Pontus Jansson,DF,Brentford,30,1991,36.9,15,0.41,7,0,0,7,1,0,4,0.11,1,0,0,2,1,0,Matches
234,Mathias Jensen,MF,Brentford,25,1996,17.8,57,3.2,35,19,1,0,0,2,3,0.17,2,1,0,0,0,0,Matches
235,Gabriel Jesus,FW,Manchester City,24,1997,20.9,78,3.74,52,0,13,7,4,2,18,0.86,11,0,2,1,2,2,Matches
236,Raúl Jiménez,FW,Wolves,30,1991,29.2,67,2.29,47,1,4,7,5,3,15,0.51,7,0,3,3,1,1,Matches
237,Joelinton,MFFW,Newcastle Utd,24,1996,28.4,64,2.25,44,0,3,8,6,3,6,0.21,4,0,0,1,1,0,Matches
238,Ben Johnson,DF,West Ham,21,2000,15.5,16,1.03,14,1,0,0,1,0,2,0.13,2,0,0,0,0,0,Matches
239,Curtis Jones,MF,Liverpool,20,2001,9.5,26,2.75,15,1,2,3,3,2,2,0.21,1,0,0,1,0,0,Matches
240,Phil Jones,DF,Manchester Utd,29,1992,1.8,2,1.1,1,0,0,0,1,0,0,0,0,0,0,0,0,0,Matches
241,Jorginho,MF,Chelsea,29,1991,25.3,60,2.38,52,1,1,2,2,2,8,0.32,8,0,0,0,0,0,Matches
242,Diogo Jota,FW,Liverpool,24,1996,26.3,87,3.31,58,0,12,4,9,4,14,0.53,7,0,4,1,2,0,Matches
243,James Justin,DF,Leicester City,23,1998,11.1,16,1.44,15,0,0,0,1,0,1,0.09,1,0,0,0,0,0,Matches
244,Mathias Jørgensen,DF,Brentford,31,1990,5.8,6,1.04,3,2,0,1,0,0,0,0,0,0,0,0,0,0,Matches
245,Ozan Kabak,DF,Norwich City,21,2000,10.2,10,0.98,4,0,1,1,3,1,0,0,0,0,0,0,0,0,Matches
246,Christian Kabasele,DF,Watford,30,1991,13.3,5,0.38,4,0,0,1,0,0,0,0,0,0,0,0,0,0,Matches
247,Samuel Kalu,FW,Watford,23,1997,2.5,6,2.43,3,0,0,0,2,1,0,0,0,0,0,0,0,0,Matches
248,Hassane Kamara,DF,Watford,27,1994,18,21,1.16,16,0,1,1,0,3,0,0,0,0,0,0,0,0,Matches
249,Harry Kane,FW,Tottenham,28,1993,35.9,117,3.26,86,2,10,11,6,2,21,0.58,17,0,1,3,0,0,Matches
250,N'Golo Kanté,MF,Chelsea,30,1991,19.7,61,3.1,52,0,4,2,0,3,13,0.66,11,0,1,1,0,0,Matches
251,Edo Kayembe,MF,Watford,22,1998,8.9,13,1.46,12,0,0,1,0,0,0,0,0,0,0,0,0,0,Matches
252,Moise Kean,FW,Everton,21,2000,0,0,0,0,0,0,0,0,0,0,0,0,0,0,0,0,0,Matches
253,Michael Keane,DF,Everton,28,1993,31,14,0.45,9,2,0,3,0,0,1,0.03,1,0,0,0,0,0,Matches
254,Naby Keïta,MF,Liverpool,26,1995,13,43,3.3,33,0,3,4,0,3,6,0.46,4,0,1,1,0,0,Matches
255,Caoimhín Kelleher,GK,Liverpool,22,1998,2,0,0,0,0,0,0,0,0,0,0,0,0,0,0,0,0,Matches
256,Kenedy,DF,Chelsea,25,1996,0.6,3,4.66,2,0,0,1,0,0,1,1.55,1,0,0,0,0,0,Matches
257,Jonjoe Kenny,DF,Everton,24,1997,11.3,20,1.77,15,2,2,1,0,0,2,0.18,2,0,0,0,0,0,Matches
258,Max Kilman,DF,Wolves,24,1997,29.9,9,0.3,6,0,1,1,0,1,1,0.03,0,0,0,1,0,0,Matches
259,Joshua King,FW,Watford,29,1992,25,60,2.4,46,0,4,4,5,1,7,0.28,5,0,1,1,0,0,Matches
260,Kristoffer Klaesson,GK,Leeds United,20,2000,0.4,0,0,0,0,0,0,0,0,0,0,0,0,0,0,0,0,Matches
261,Mateusz Klich,MF,Leeds United,31,1990,23,68,2.95,54,3,3,4,3,1,6,0.26,5,0,0,1,0,0,Matches
262,Robin Koch,MFDF,Leeds United,25,1996,17.5,18,1.03,16,0,0,1,1,0,1,0.06,1,0,0,0,0,0,Matches
263,Sead Kolašinac,DF,Arsenal,28,1993,1,0,0,0,0,0,0,0,0,0,0,0,0,0,0,0,0,Matches
264,Ibrahima Konaté,DF,Liverpool,22,1999,11,6,0.55,6,0,0,0,0,0,2,0.18,2,0,0,0,0,0,Matches
265,Ezri Konsa,DF,Aston Villa,23,1997,27.5,10,0.36,8,0,0,1,0,1,0,0,0,0,0,0,0,0,Matches
266,Cheikhou Kouyaté,MF,Crystal Palace,31,1989,21.9,17,0.78,14,0,2,0,0,1,1,0.05,1,0,0,0,0,0,Matches
267,Mateo Kovačić,MF,Chelsea,27,1994,17.3,58,3.35,50,0,2,3,3,0,6,0.35,6,0,0,0,0,0,Matches
268,Emil Krafth,DF,Newcastle Utd,26,1994,18.2,13,0.72,7,4,1,1,0,0,1,0.06,1,0,0,0,0,0,Matches
269,Alex Král,MF,West Ham,23,1998,0,0,0,0,0,0,0,0,0,0,0,0,0,0,0,0,0,Matches
270,Tim Krul,GK,Norwich City,33,1988,29,5,0.17,3,2,0,0,0,0,0,0,0,0,0,0,0,0,Matches
271,Juraj Kucka,MF,Watford,34,1987,21.3,37,1.73,23,0,5,2,5,2,2,0.09,1,0,0,0,1,0,Matches
272,Dejan Kulusevski,MFFW,Tottenham,21,2000,14,47,3.35,35,0,6,5,1,0,14,1,10,0,3,1,0,0,Matches
273,Alexandre Lacazette,FWMF,Arsenal,30,1991,19.8,65,3.28,43,0,7,4,9,2,9,0.45,6,0,0,1,1,1,Matches
274,Adam Lallana,MF,Brighton,33,1988,17.3,27,1.56,23,0,1,0,2,1,3,0.17,3,0,0,0,0,0,Matches
275,Tariq Lamptey,DFFW,Brighton,20,2000,17.3,47,2.71,33,0,4,3,4,3,2,0.12,2,0,0,0,0,0,Matches
276,Manuel Lanzini,MFFW,West Ham,28,1993,19.8,55,2.77,45,5,2,0,2,1,10,0.5,6,1,1,0,1,1,Matches
277,Aymeric Laporte,DF,Manchester City,27,1994,31.4,30,0.95,26,0,0,3,1,0,4,0.13,2,0,0,1,1,0,Matches
278,Jamaal Lascelles,DF,Newcastle Utd,27,1993,22.9,6,0.26,6,0,0,0,0,0,1,0.04,1,0,0,0,0,0,Matches
279,Pierre Lees-Melou,MF,Norwich City,28,1993,25.2,52,2.07,44,1,1,1,1,4,1,0.04,0,0,0,0,1,0,Matches
280,Aaron Lennon,MF,Burnley,34,1987,17.2,32,1.86,20,0,5,1,6,0,5,0.29,1,0,2,0,2,0,Matches
281,Bernd Leno,GK,Arsenal,29,1992,4,0,0,0,0,0,0,0,0,0,0,0,0,0,0,0,0,Matches
282,Jamal Lewis,DF,Newcastle Utd,23,1998,2.9,2,0.69,2,0,0,0,0,0,1,0.34,1,0,0,0,0,0,Matches
283,Victor Lindelöf,DF,Manchester Utd,27,1994,26.2,10,0.38,10,0,0,0,0,0,3,0.11,3,0,0,0,0,0,Matches
284,Jesse Lingard,FWMF,Manchester Utd,28,1992,4.1,15,3.68,12,0,0,2,1,0,1,0.25,0,0,0,1,0,0,Matches
285,Valentino Livramento,DF,Southampton,18,2002,24.5,40,1.63,37,0,1,0,2,0,2,0.08,1,0,0,0,1,0,Matches
286,Diego Llorente,DF,Leeds United,27,1993,26,6,0.23,6,0,0,0,0,0,0,0,0,0,0,0,0,0,Matches
287,Hugo Lloris,GK,Tottenham,34,1986,38,6,0.16,6,0,0,0,0,0,2,0.05,2,0,0,0,0,0,Matches
288,Giovani Lo Celso,MFFW,Tottenham,25,1996,2.6,10,3.78,5,2,0,1,2,0,0,0,0,0,0,0,0,0,Matches
289,Jürgen Locadia,FW,Brighton,27,1993,0.3,0,0,0,0,0,0,0,0,0,0,0,0,0,0,0,0,Matches
290,Ruben Loftus-Cheek,MFDF,Chelsea,25,1996,15.5,52,3.36,39,0,3,4,3,3,7,0.45,4,0,0,2,0,1,Matches
291,Kevin Long,DF,Burnley,30,1990,4.6,1,0.22,1,0,0,0,0,0,0,0,0,0,0,0,0,0,Matches
292,Shane Long,FW,Southampton,34,1987,3.4,5,1.46,2,0,0,0,3,0,0,0,0,0,0,0,0,0,Matches
293,Sean Longstaff,MF,Newcastle Utd,23,1997,16.3,24,1.48,20,1,0,1,0,2,4,0.25,3,0,0,0,0,1,Matches
294,Ademola Lookman,FWMF,Leicester City,23,1997,16.1,40,2.48,30,1,4,2,2,1,2,0.12,1,0,0,0,1,0,Matches
295,Jonas Lössl,GK,Brentford,32,1989,2,0,0,0,0,0,0,0,0,0,0,0,0,0,0,0,0,Matches
296,Imran Louza,MF,Watford,22,1999,15.7,30,1.91,13,11,1,2,1,2,1,0.06,1,0,0,0,0,0,Matches
297,Matthew Lowton,DF,Burnley,32,1989,19.7,33,1.68,25,4,0,1,2,1,2,0.1,1,0,0,1,0,0,Matches
298,Douglas Luiz,MF,Aston Villa,23,1998,30.2,75,2.49,46,19,1,3,6,0,8,0.27,3,2,0,2,1,0,Matches
299,Romelu Lukaku,FW,Chelsea,28,1993,17.7,44,2.49,30,0,4,2,6,2,5,0.28,0,0,1,0,3,1,Matches
300,Lyanco,DF,Southampton,24,1997,10.1,9,0.89,6,0,0,1,0,2,1,0.1,1,0,0,0,0,0,Matches
301,Alexis Mac Allister,MFFW,Brighton,22,1998,23.6,66,2.8,46,9,1,2,4,4,4,0.17,1,2,0,1,0,0,Matches
302,James Maddison,MFFW,Leicester City,24,1996,27.3,100,3.66,56,12,9,8,12,3,19,0.7,13,1,1,1,2,1,Matches
303,Harry Maguire,DF,Manchester Utd,28,1993,27.9,20,0.72,11,2,1,4,1,1,1,0.04,1,0,0,0,0,0,Matches
304,Riyad Mahrez,FW,Manchester City,30,1991,16.6,64,3.85,49,9,1,3,1,1,7,0.42,4,2,0,1,0,0,Matches
305,Ainsley Maitland-Niles,MF,Arsenal,23,1997,3,8,2.69,5,1,0,1,0,1,0,0,0,0,0,0,0,0,Matches
306,Sadio Mané,FW,Liverpool,29,1992,31.3,97,3.1,67,0,5,14,8,3,13,0.42,7,0,1,4,1,0,Matches
307,Javier Manquillo,DF,Newcastle Utd,27,1994,14,9,0.64,8,0,0,0,1,0,4,0.29,3,0,0,0,1,0,Matches
308,Fernando Marçal,DF,Wolves,32,1989,16.1,17,1.06,15,0,0,1,1,0,1,0.06,0,0,0,1,0,0,Matches
309,Solly March,DFFW,Brighton,27,1994,19.4,67,3.45,41,14,7,0,3,2,4,0.21,3,0,0,0,1,0,Matches
310,Pablo Marí,DF,Arsenal,27,1993,2,1,0.5,1,0,0,0,0,0,0,0,0,0,0,0,0,0,Matches
311,Anthony Martial,FW,Manchester Utd,25,1995,2.4,3,1.27,3,0,0,0,0,0,2,0.85,2,0,0,0,0,0,Matches
312,Martinelli,FWMF,Arsenal,20,2001,20.7,70,3.39,47,4,8,7,2,2,11,0.53,6,2,1,2,0,0,Matches
313,Emiliano Martínez,GK,Aston Villa,28,1992,36,3,0.08,3,0,0,0,0,0,1,0.03,1,0,0,0,0,0,Matches
314,Adam Masina,DF,Watford,27,1994,12,11,0.92,6,3,0,0,1,1,1,0.08,1,0,0,0,0,0,Matches
315,Arthur Masuaku,DFFW,West Ham,27,1993,7.2,6,0.83,4,2,0,0,0,0,2,0.28,1,1,0,0,0,0,Matches
316,Juan Mata,MF,Manchester Utd,33,1988,2.6,6,2.3,6,0,0,0,0,0,0,0,0,0,0,0,0,0,Matches
317,Jean-Philippe Mateta,FW,Crystal Palace,24,1997,12.7,18,1.41,15,0,0,3,0,0,2,0.16,1,0,0,1,0,0,Matches
318,Nemanja Matić,MF,Manchester Utd,32,1988,15.4,28,1.82,25,0,0,0,1,2,5,0.33,5,0,0,0,0,0,Matches
319,Joël Matip,DF,Liverpool,29,1991,31,34,1.1,26,0,0,7,1,0,9,0.29,7,0,0,1,1,0,Matches
320,Neal Maupay,FW,Brighton,24,1996,25.3,64,2.53,46,0,7,6,5,0,3,0.12,3,0,0,0,0,0,Matches
321,Bryan Mbeumo,FW,Brentford,21,1999,32.3,77,2.39,49,9,8,5,5,1,12,0.37,10,1,0,0,1,0,Matches
322,James McArthur,MF,Crystal Palace,33,1987,16,29,1.81,25,1,1,0,1,1,3,0.19,3,0,0,0,0,0,Matches
323,James Mcatee,MFFW,Manchester City,18,2002,0.2,0,0,0,0,0,0,0,0,0,0,0,0,0,0,0,0,Matches
324,Kasey McAteer,FW,Leicester City,19,2001,0,0,0,0,0,0,0,0,0,0,0,0,0,0,0,0,0,Matches
325,Liam McCarron,FW,Leeds United,20,2001,0.1,0,0,0,0,0,0,0,0,0,0,0,0,0,0,0,0,Matches
326,Alex McCarthy,GK,Southampton,31,1989,17,1,0.06,1,0,0,0,0,0,0,0,0,0,0,0,0,0,Matches
327,John McGinn,MF,Aston Villa,26,1994,34.3,96,2.8,66,20,3,2,4,1,5,0.15,4,1,0,0,0,0,Matches
328,Stuart McKinstry,MF,Leeds United,18,2002,0,0,0,0,0,0,0,0,0,0,0,0,0,0,0,0,0,Matches
329,Kenny McLean,MF,Norwich City,29,1992,30.1,34,1.13,27,2,0,2,0,3,2,0.07,2,0,0,0,0,0,Matches
330,Dwight McNeil,MF,Burnley,21,1999,34.5,97,2.81,52,22,5,6,10,2,5,0.14,3,2,0,0,0,0,Matches
331,Scott McTominay,MF,Manchester Utd,24,1996,26.5,45,1.7,37,0,3,1,2,2,6,0.23,4,0,0,1,0,1,Matches
332,Ben Mee,DF,Burnley,31,1989,20.4,8,0.39,5,0,0,2,1,0,0,0,0,0,0,0,0,0,Matches
333,Hannibal Mejbri,FW,Manchester Utd,18,2003,0.8,0,0,0,0,0,0,0,0,0,0,0,0,0,0,0,0,Matches
334,Benjamin Mendy,DF,Manchester City,27,1994,0.9,4,4.62,4,0,0,0,0,0,0,0,0,0,0,0,0,0,Matches
335,Edouard Mendy,GK,Chelsea,29,1992,34,2,0.06,2,0,0,0,0,0,0,0,0,0,0,0,0,0,Matches
336,Nampalys Mendy,MF,Leicester City,29,1992,11.5,6,0.52,5,0,0,0,0,1,3,0.26,3,0,0,0,0,0,Matches
337,Illan Meslier,GK,Leeds United,21,2000,37.6,2,0.05,1,1,0,0,0,0,0,0,0,0,0,0,0,0,Matches
338,Luka Milivojević,MF,Crystal Palace,30,1991,8.6,16,1.86,6,9,0,0,1,0,1,0.12,1,0,0,0,0,0,Matches
339,James Milner,MFDF,Liverpool,35,1986,9.5,31,3.27,23,6,1,1,0,0,1,0.11,1,0,0,0,0,0,Matches
340,Yerry Mina,DF,Everton,26,1994,9.4,3,0.32,2,0,0,0,0,1,0,0,0,0,0,0,0,0,Matches
341,Takumi Minamino,FWMF,Liverpool,26,1995,2.1,7,3.39,5,0,0,0,1,1,1,0.48,1,0,0,0,0,0,Matches
342,Tyrone Mings,DF,Aston Villa,28,1993,35.4,26,0.73,20,0,0,3,2,1,4,0.11,3,0,0,1,0,0,Matches
343,Tyrick Mitchell,DF,Crystal Palace,21,1999,34.5,41,1.19,35,2,1,1,1,1,5,0.15,5,0,0,0,0,0,Matches
344,Jakub Moder,MFFW,Brighton,22,1999,18.9,37,1.96,23,3,3,6,0,2,4,0.21,3,0,0,1,0,0,Matches
345,Wesley Moraes,FW,Aston Villa,24,1996,0,0,0,0,0,0,0,0,0,0,0,0,0,0,0,0,0,Matches
346,Tyler Morton,MF,Liverpool,18,2002,0.7,1,1.36,1,0,0,0,0,0,0,0,0,0,0,0,0,0,Matches
347,Mason Mount,MFFW,Chelsea,22,1999,26.3,111,4.23,72,21,5,8,4,1,15,0.57,9,4,0,1,1,0,Matches
348,Lucas Moura,FWMF,Tottenham,28,1992,19.7,63,3.19,52,0,3,2,5,1,9,0.46,9,0,0,0,0,0,Matches
349,João Moutinho,MF,Wolves,34,1986,33,68,2.06,44,18,1,2,0,3,4,0.12,3,1,0,0,0,0,Matches
350,Bali Mumba,DF,Norwich City,19,2001,0.5,0,0,0,0,0,0,0,0,0,0,0,0,0,0,0,0,Matches
351,Jacob Murphy,FWDF,Newcastle Utd,26,1995,16.4,45,2.75,34,2,4,4,1,0,5,0.31,2,0,0,2,1,0,Matches
352,Enock Mwepu,MFFW,Brighton,23,1998,11.1,22,1.99,17,0,0,2,3,0,7,0.63,6,0,0,0,1,0,Matches
353,Vitaliy Mykolenko,DF,Everton,22,1999,11.7,14,1.19,8,4,0,0,1,1,3,0.26,1,1,0,0,1,0,Matches
354,Marvelous Nakamba,MF,Aston Villa,27,1994,10,6,0.6,5,0,0,0,1,0,0,0,0,0,0,0,0,0,Matches
355,Wilfred Ndidi,MFDF,Leicester City,24,1996,18,14,0.78,9,0,0,3,1,1,2,0.11,1,0,0,1,0,0,Matches
356,Tanguy Ndombele,MF,Tottenham,24,1996,5.4,13,2.42,10,0,1,1,1,0,1,0.19,1,0,0,0,0,0,Matches
357,Reiss Nelson,FW,Arsenal,21,1999,0.2,3,13.5,2,0,0,1,0,0,0,0,0,0,0,0,0,0,Matches
358,Pedro Neto,FWMF,Wolves,21,2000,5.2,23,4.44,13,4,2,2,2,0,1,0.19,1,0,0,0,0,0,Matches
359,Rúben Neves,MF,Wolves,24,1997,29.6,55,1.86,45,2,1,3,2,2,3,0.1,3,0,0,0,0,0,Matches
360,Jeremy Ngakia,DF,Watford,20,2000,10,12,1.2,8,2,0,1,1,0,1,0.1,1,0,0,0,0,0,Matches
361,Saúl Ñíguez,MFDF,Chelsea,26,1994,5.3,8,1.5,7,0,0,1,0,0,0,0,0,0,0,0,0,0,Matches
362,Eddie Nketiah,FW,Arsenal,22,1999,9.3,23,2.48,15,0,2,3,1,2,4,0.43,1,0,0,1,0,2,Matches
363,Nicolas Nkoulou,DF,Watford,31,1990,1.9,1,0.54,1,0,0,0,0,0,0,0,0,0,0,0,0,0,Matches
364,Mark Noble,MF,West Ham,34,1987,3.7,5,1.36,5,0,0,0,0,0,0,0,0,0,0,0,0,0,Matches
365,Mathias Normann,MF,Norwich City,25,1996,18.3,34,1.86,14,5,5,3,4,3,3,0.16,3,0,0,0,0,0,Matches
366,Christian Nørgaard,MF,Brentford,27,1994,33.9,49,1.44,43,0,3,1,1,1,6,0.18,5,0,1,0,0,0,Matches
367,Angelo Ogbonna,DF,West Ham,33,1988,10.2,2,0.2,2,0,0,0,0,0,1,0.1,1,0,0,0,0,0,Matches
368,Michael Olise,FWMF,Crystal Palace,19,2001,12.7,38,3,32,3,1,1,1,0,7,0.55,6,0,0,1,0,0,Matches
369,Robin Olsen,GK,Aston Villa,31,1990,1,1,1,0,1,0,0,0,0,1,1,0,1,0,0,0,0,Matches
370,Andrew Omobamidele,DF,Norwich City,19,2002,4.2,0,0,0,0,0,0,0,0,0,0,0,0,0,0,0,0,Matches
371,Tyler Onyango,MFFW,Everton,18,2003,0.3,0,0,0,0,0,0,0,0,0,0,0,0,0,0,0,0,Matches
372,Frank Onyeka,MF,Brentford,23,1998,11.6,17,1.46,11,0,1,1,4,0,1,0.09,0,0,0,0,1,0,Matches
373,Divock Origi,FW,Liverpool,26,1995,1.5,2,1.35,1,0,0,1,0,0,2,1.35,1,0,0,1,0,0,Matches
374,Alex Oxlade-Chamberlain,MFFW,Liverpool,27,1993,8.7,21,2.41,17,0,2,0,1,1,1,0.11,1,0,0,0,0,0,Matches
375,Cole Palmer,FWMF,Manchester City,19,2002,1.4,7,5.12,4,0,0,2,1,0,1,0.73,0,0,0,1,0,0,Matches
376,Emerson Palmieri,DF,Chelsea,26,1994,0.1,0,0,0,0,0,0,0,0,0,0,0,0,0,0,0,0,Matches
377,Thomas Partey,MF,Arsenal,28,1993,22.5,51,2.26,39,0,5,4,3,0,3,0.13,2,0,0,1,0,0,Matches
378,João Pedro,FWMF,Watford,19,2001,18.3,49,2.68,33,0,7,4,4,1,4,0.22,3,0,0,1,0,0,Matches
379,Nicolas Pépé,FWMF,Arsenal,26,1995,7.7,28,3.62,15,9,2,2,0,0,4,0.52,2,0,0,2,0,0,Matches
380,Ricardo Pereira,DF,Leicester City,27,1993,11,23,2.09,19,0,3,0,0,1,6,0.54,4,0,1,0,0,1,Matches
381,Ayoze Pérez,MFFW,Leicester City,28,1993,4.9,18,3.64,14,0,2,1,0,1,2,0.4,2,0,0,0,0,0,Matches
382,Sonny Perkins,FW,West Ham,17,2004,0,0,0,0,0,0,0,0,0,0,0,0,0,0,0,0,0,Matches
383,Romain Perraud,DF,Southampton,23,1997,18,27,1.5,20,1,2,2,1,1,3,0.17,3,0,0,0,0,0,Matches
384,Kalvin Phillips,MF,Leeds United,25,1995,17.7,23,1.3,17,3,0,1,0,2,4,0.23,3,1,0,0,0,0,Matches
385,Jaden Philogene Bidace,FW,Aston Villa,19,2002,0.1,1,18,0,0,0,0,1,0,0,0,0,0,0,0,0,0,Matches
386,Jordan Pickford,GK,Everton,27,1994,35,7,0.2,4,3,0,0,0,0,1,0.03,1,0,0,0,0,0,Matches
387,Erik Pieters,DF,Burnley,32,1988,8.1,7,0.86,5,2,0,0,0,0,1,0.12,1,0,0,0,0,0,Matches
388,Ethan Pinnock,DF,Brentford,28,1993,29.9,20,0.67,14,3,0,3,0,0,3,0.1,1,1,0,1,0,0,Matches
389,Daniel Podence,FWMF,Wolves,25,1995,16.5,62,3.76,48,0,4,5,4,1,4,0.24,3,0,0,1,0,0,Matches
390,Paul Pogba,MFFW,Manchester Utd,28,1993,15,51,3.4,40,1,4,1,5,0,11,0.73,10,1,0,0,0,0,Matches
391,Nick Pope,GK,Burnley,29,1992,36,8,0.22,5,3,0,0,0,0,0,0,0,0,0,0,0,0,Matches
392,Isaac Price,MF,Everton,17,2003,0.2,0,0,0,0,0,0,0,0,0,0,0,0,0,0,0,0,Matches
393,Teemu Pukki,FW,Norwich City,31,1990,36.1,60,1.66,36,0,9,2,11,2,4,0.11,3,0,0,0,1,0,Matches
394,Christian Pulisic,MFFW,Chelsea,22,1998,14.3,33,2.3,23,0,0,2,5,3,2,0.14,2,0,0,0,0,0,Matches
395,Przemysław Płacheta,FWMF,Norwich City,23,1998,5.6,14,2.5,5,2,2,0,5,0,0,0,0,0,0,0,0,0,Matches
396,Jesuran Rak Sakyi,FWMF,Crystal Palace,18,2002,0.9,0,0,0,0,0,0,0,0,0,0,0,0,0,0,0,0,Matches
397,Aaron Ramsdale,GK,Arsenal,23,1998,34,1,0.03,0,1,0,0,0,0,1,0.03,0,1,0,0,0,0,Matches
398,Jacob Ramsey,MF,Aston Villa,20,2001,27.4,63,2.3,49,0,3,2,8,1,3,0.11,2,0,0,1,0,0,Matches
399,Marcus Rashford,FWMF,Manchester Utd,23,1997,13.7,29,2.11,18,0,4,2,5,0,3,0.22,3,0,0,0,0,0,Matches
400,Milot Rashica,FWMF,Norwich City,25,1996,24.8,56,2.26,33,14,2,3,2,2,4,0.16,3,1,0,0,0,0,Matches
401,David Raya,GK,Brentford,25,1995,24,2,0.08,2,0,0,0,0,0,0,0,0,0,0,0,0,0,Matches
402,Nathan Redmond,MFFW,Southampton,27,1994,20.4,66,3.24,53,4,2,4,2,1,8,0.39,6,1,0,0,1,0,Matches
403,Sergio Reguilón,DF,Tottenham,24,1996,21.3,52,2.44,41,3,3,2,3,0,5,0.23,5,0,0,0,0,0,Matches
404,Declan Rice,MF,West Ham,22,1999,35.3,59,1.67,50,1,2,2,1,3,8,0.23,8,0,0,0,0,0,Matches
405,Taylor Richards,MFFW,Brighton,20,2000,0.3,1,3.6,1,0,0,0,0,0,0,0,0,0,0,0,0,0,Matches
406,Richarlison,FWMF,Everton,24,1997,28,62,2.21,43,0,1,7,10,1,8,0.29,4,0,0,3,1,0,Matches
407,Jaïro Riedewald,MF,Crystal Palace,24,1996,1.3,3,2.29,2,1,0,0,0,0,0,0,0,0,0,0,0,0,Matches
408,Matt Ritchie,DF,Newcastle Utd,31,1989,14.9,40,2.69,18,21,0,1,0,0,3,0.2,2,1,0,0,0,0,Matches
409,Connor Roberts,DF,Burnley,25,1995,18.8,22,1.17,17,1,1,1,2,0,1,0.05,1,0,0,0,0,0,Matches
410,Tyler Roberts,MFFW,Leeds United,22,1999,11,28,2.55,22,0,2,2,2,0,1,0.09,1,0,0,0,0,0,Matches
411,Andrew Robertson,DF,Liverpool,27,1994,28.2,95,3.37,64,22,3,1,3,2,16,0.57,13,2,1,0,0,0,Matches
412,Joe Rodon,DF,Tottenham,23,1997,1,0,0,0,0,0,0,0,0,0,0,0,0,0,0,0,0,Matches
413,Rodri,MF,Manchester City,25,1996,32,75,2.34,63,1,2,5,1,3,3,0.09,3,0,0,0,0,0,Matches
414,Rodrigo,MFFW,Leeds United,30,1991,25.2,73,2.9,61,3,2,1,2,4,4,0.16,2,0,1,0,0,1,Matches
415,Jay Rodriguez,FW,Burnley,32,1989,15.4,24,1.56,15,0,1,6,2,0,3,0.2,2,0,0,1,0,0,Matches
416,Mads Roerslev,DF,Brentford,22,1999,13.8,16,1.16,12,0,1,1,2,0,3,0.22,2,0,0,1,0,0,Matches
417,Cristian Romero,DF,Tottenham,23,1998,20.5,17,0.83,14,1,0,0,1,1,2,0.1,1,0,0,0,0,1,Matches
418,Oriol Romeu,MF,Southampton,29,1991,32.1,67,2.09,63,0,1,1,0,2,4,0.12,4,0,0,0,0,0,Matches
419,Cristiano Ronaldo,FW,Manchester Utd,36,1985,27.3,76,2.79,56,0,9,5,5,1,9,0.33,4,0,2,1,2,0,Matches
420,Salomón Rondón,FW,Everton,31,1989,8.8,17,1.94,13,0,1,2,0,1,1,0.11,1,0,0,0,0,0,Matches
421,Danny Rose,DF,Watford,31,1990,7.7,11,1.44,10,1,0,0,0,0,1,0.13,0,1,0,0,0,0,Matches
422,Jon Rowe,FWMF,Norwich City,18,2003,2.5,6,2.42,5,1,0,0,0,0,1,0.4,1,0,0,0,0,0,Matches
423,John Ruddy,GK,Wolves,34,1986,1.5,0,0,0,0,0,0,0,0,0,0,0,0,0,0,0,0,Matches
424,Antonio Rüdiger,DF,Chelsea,28,1993,33.7,39,1.16,34,0,1,2,2,0,8,0.24,5,0,0,1,2,0,Matches
425,Lukas Rupp,MF,Norwich City,30,1991,8.5,27,3.16,22,0,3,1,1,0,0,0,0,0,0,0,0,0,Matches
426,José Sá,GK,Wolves,28,1993,36.5,4,0.11,3,1,0,0,0,0,1,0.03,0,1,0,0,0,0,Matches
427,Allan Saint-Maximin,FWMF,Newcastle Utd,24,1997,31.2,114,3.66,74,2,23,5,7,3,9,0.29,7,0,0,1,1,0,Matches
428,Romain Saïss,DF,Wolves,31,1990,30.1,15,0.5,14,0,0,1,0,0,0,0,0,0,0,0,0,0,Matches
429,Bukayo Saka,FWMF,Arsenal,19,2001,33.1,142,4.29,94,18,12,7,10,1,16,0.48,8,4,0,1,3,0,Matches
430,Mohamed Salah,FW,Liverpool,29,1992,30.7,133,4.33,93,0,21,15,3,1,25,0.81,17,0,5,2,1,0,Matches
431,Mohammed Salisu,DF,Southampton,22,1999,33,27,0.82,21,1,0,3,0,2,3,0.09,3,0,0,0,0,0,Matches
432,Albert Sambi Lokonga,MF,Arsenal,21,1999,12.6,34,2.7,32,0,0,0,1,1,0,0,0,0,0,0,0,0,Matches
433,Davinson Sánchez,DF,Tottenham,25,1996,18.1,16,0.88,15,0,0,1,0,0,1,0.06,1,0,0,0,0,0,Matches
434,Robert Sánchez,GK,Brighton,23,1997,37,4,0.11,4,0,0,0,0,0,0,0,0,0,0,0,0,0,Matches
435,Jadon Sancho,FWMF,Manchester Utd,21,2000,21.1,82,3.88,67,3,9,2,1,0,8,0.38,6,0,2,0,0,0,Matches
436,Morgan Sanson,MF,Aston Villa,26,1994,4,3,0.76,2,0,0,0,0,1,0,0,0,0,0,0,0,0,Matches
437,Samir Santos,DF,Watford,26,1994,18.6,4,0.22,3,0,0,1,0,0,0,0,0,0,0,0,0,0,Matches
438,Josh Sargent,FWMF,Norwich City,21,2000,17.5,26,1.49,18,0,1,3,4,0,2,0.11,1,0,1,0,0,0,Matches
439,Jeremy Sarmiento,FWMF,Brighton,19,2002,0.5,0,0,0,0,0,0,0,0,0,0,0,0,0,0,0,0,Matches
440,Ismaila Sarr,FWMF,Watford,23,1998,20.7,44,2.13,34,0,4,0,4,2,3,0.15,3,0,0,0,0,0,Matches
441,Malang Sarr,DF,Chelsea,22,1999,6.1,7,1.15,7,0,0,0,0,0,1,0.16,1,0,0,0,0,0,Matches
442,Dane Scarlett,MF,Tottenham,17,2004,0,0,0,0,0,0,0,0,0,0,0,0,0,0,0,0,0,Matches
443,Fabian Schär,DF,Newcastle Utd,29,1991,24,24,1,16,3,2,2,1,0,4,0.17,3,0,1,0,0,0,Matches
444,Jeffrey Schlupp,MFFW,Crystal Palace,28,1992,20.6,41,1.99,31,0,4,3,3,0,5,0.24,2,0,1,0,2,0,Matches
445,Kasper Schmeichel,GK,Leicester City,34,1986,37,5,0.14,5,0,0,0,0,0,2,0.05,2,0,0,0,0,0,Matches
446,Ken Sema,MFFW,Watford,27,1993,9.5,20,2.11,8,7,1,0,3,1,0,0,0,0,0,0,0,0,Matches
447,Nélson Semedo,DF,Wolves,27,1993,23.7,37,1.56,29,0,4,2,2,0,1,0.04,1,0,0,0,0,0,Matches
448,Ryan Sessegnon,DF,Tottenham,21,2000,11.6,21,1.81,19,1,1,0,0,0,4,0.34,4,0,0,0,0,0,Matches
449,Jamie Shackleton,DFMF,Leeds United,21,1999,7.9,8,1.02,6,1,0,1,0,0,1,0.13,0,0,0,1,0,0,Matches
450,Luke Shaw,DF,Manchester Utd,26,1995,17.8,64,3.6,41,21,0,0,0,2,6,0.34,5,1,0,0,0,0,Matches
451,Jonjo Shelvey,MF,Newcastle Utd,29,1992,22,42,1.91,30,8,1,0,0,3,2,0.09,1,0,0,0,0,1,Matches
452,Shola Shoretire,FW,Manchester Utd,17,2004,0.2,0,0,0,0,0,0,0,0,0,0,0,0,0,0,0,0,Matches
453,Francisco Sierralta,DF,Watford,24,1997,4.7,1,0.21,1,0,0,0,0,0,0,0,0,0,0,0,0,0,Matches
454,Bernardo Silva,MFFW,Manchester City,26,1994,31.7,127,4,100,3,11,7,6,0,13,0.41,10,1,0,1,1,0,Matches
455,Fábio Silva,FW,Wolves,19,2002,6.4,16,2.52,9,0,3,3,0,1,1,0.16,0,0,0,1,0,0,Matches
456,Thiago Silva,DF,Chelsea,36,1984,29.4,26,0.88,21,0,0,3,1,1,1,0.03,0,0,0,0,1,0,Matches
457,Ellis Simms,FW,Everton,20,2001,0.7,1,1.48,1,0,0,0,0,0,0,0,0,0,0,0,0,0,Matches
458,Moussa Sissoko,MF,Watford,31,1989,35.8,62,1.73,52,0,4,2,1,3,4,0.11,2,0,1,0,0,1,Matches
459,Oliver Skipp,MF,Tottenham,20,2000,15,22,1.47,21,0,0,0,1,0,3,0.2,3,0,0,0,0,0,Matches
460,William Smallbone,MFFW,Southampton,21,2000,1.5,1,0.68,0,1,0,0,0,0,0,0,0,0,0,0,0,0,Matches
461,Emile Smith Rowe,MFFW,Arsenal,21,2000,21.3,65,3.05,49,4,5,4,3,0,6,0.28,5,1,0,0,0,0,Matches
462,Cédric Soares,DF,Arsenal,29,1991,16.5,36,2.18,25,9,0,0,1,1,2,0.12,1,1,0,0,0,0,Matches
463,Tomáš Souček,MF,West Ham,26,1995,34,34,1,29,0,0,3,1,1,4,0.12,4,0,0,0,0,0,Matches
464,Boubakary Soumaré,MF,Leicester City,22,1999,12.2,15,1.23,12,0,2,0,0,1,2,0.16,2,0,0,0,0,0,Matches
465,Çağlar Söyüncü,DF,Leicester City,25,1996,27.7,11,0.4,11,0,0,0,0,0,0,0,0,0,0,0,0,0,Matches
466,Tony Springett,FWMF,Norwich City,18,2002,1.6,3,1.91,2,0,0,1,0,0,0,0,0,0,0,0,0,0,Matches
467,Jason Steele,GK,Brighton,30,1990,1,0,0,0,0,0,0,0,0,0,0,0,0,0,0,0,0,Matches
468,Jed Steer,GK,Aston Villa,28,1992,1,0,0,0,0,0,0,0,0,0,0,0,0,0,0,0,0,Matches
469,Zack Steffen,GK,Manchester City,26,1995,1,0,0,0,0,0,0,0,0,0,0,0,0,0,0,0,0,Matches
470,Dale Stephens,MF,Burnley,32,1989,1.4,2,1.45,1,0,0,0,1,0,0,0,0,0,0,0,0,0,Matches
471,Jack Stephens,DF,Southampton,27,1994,9,6,0.67,5,0,0,0,0,1,0,0,0,0,0,0,0,0,Matches
472,Raheem Sterling,FW,Manchester City,26,1994,23.6,90,3.81,69,1,11,3,5,1,11,0.47,5,0,0,2,4,0,Matches
473,Finley Stevens,DF,Brentford,18,2003,0.2,1,6,1,0,0,0,0,0,0,0,0,0,0,0,0,0,Matches
474,John Stones,DF,Manchester City,27,1994,12.4,14,1.13,12,1,0,1,0,0,1,0.08,0,0,0,1,0,0,Matches
475,Pascal Struijk,DF,Leeds United,21,1999,22.8,19,0.83,13,0,0,2,1,3,2,0.09,0,0,0,1,0,1,Matches
476,Crysencio Summerville,MFFW,Leeds United,19,2001,1.4,2,1.38,2,0,0,0,0,0,0,0,0,0,0,0,0,0,Matches
477,Jakob Sørensen,MFDF,Norwich City,23,1998,6.7,2,0.3,1,0,0,0,0,1,0,0,0,0,0,0,0,0,Matches
478,Japhet Tanganga,DF,Tottenham,22,1999,8.2,3,0.37,2,0,0,1,0,0,0,0,0,0,0,0,0,0,Matches
479,Matt Targett,DF,Aston Villa,25,1995,15.9,27,1.7,22,5,0,0,0,0,1,0.06,1,0,0,0,0,0,Matches
480,Matt Targett,DF,Newcastle Utd,25,1995,16,34,2.12,15,14,0,1,4,0,1,0.06,0,1,0,0,0,0,Matches
481,James Tarkowski,DF,Burnley,28,1992,34.5,23,0.67,20,0,0,2,0,1,2,0.06,2,0,0,0,0,0,Matches
482,Nuno Tavares,DF,Arsenal,21,2000,13.1,26,1.99,18,0,3,1,2,2,3,0.23,2,0,0,1,0,0,Matches
483,Charlie Taylor,DF,Burnley,27,1993,30.3,41,1.35,32,2,1,0,6,0,6,0.2,4,1,0,0,1,0,Matches
484,Nathan Tella,MFFW,Southampton,22,1999,8.9,18,2.01,12,0,2,0,4,0,3,0.34,2,0,0,0,1,0,Matches
485,Alex Telles,DF,Manchester Utd,28,1992,18.4,45,2.44,24,18,0,1,1,1,5,0.27,0,4,0,0,1,0,Matches
486,Luke Thomas,DF,Leicester City,20,2001,21.2,20,0.94,14,4,0,1,0,1,1,0.05,1,0,0,0,0,0,Matches
487,Dominic Thompson,DF,Brentford,21,2000,1.6,1,0.62,0,1,0,0,0,0,0,0,0,0,0,0,0,0,Matches
488,Youri Tielemans,MF,Leicester City,24,1997,29.2,84,2.87,65,4,4,4,2,5,12,0.41,10,0,0,1,0,1,Matches
489,Kieran Tierney,DF,Arsenal,24,1997,21.3,38,1.79,33,2,1,1,1,0,3,0.14,3,0,0,0,0,0,Matches
490,Takehiro Tomiyasu,DF,Arsenal,22,1998,18.7,30,1.61,25,1,0,0,0,4,4,0.21,3,0,0,0,0,1,Matches
491,James Tomkins,DF,Crystal Palace,32,1989,6.1,3,0.49,3,0,0,0,0,0,0,0,0,0,0,0,0,0,Matches
492,Ivan Toney,FW,Brentford,25,1996,32.3,80,2.48,53,1,4,9,11,2,10,0.31,6,0,1,0,3,0,Matches
493,Ferrán Torres,FW,Manchester City,21,2000,3.4,5,1.49,4,0,0,1,0,0,2,0.59,2,0,0,0,0,0,Matches
494,Cenk Tosun,FW,Everton,30,1991,0.1,0,0,0,0,0,0,0,0,0,0,0,0,0,0,0,0,Matches
495,Andros Townsend,MF,Everton,30,1991,16.2,54,3.34,38,8,1,2,4,1,4,0.25,4,0,0,0,0,0,Matches
496,Adama Traoré,FW,Wolves,25,1996,11.9,50,4.22,30,0,12,0,6,2,2,0.17,1,0,0,0,1,0,Matches
497,Bertrand Traoré,MFFW,Aston Villa,25,1995,2.4,11,4.5,6,0,3,1,1,0,2,0.82,0,0,1,0,1,0,Matches
498,Trézéguet,FW,Aston Villa,26,1994,0.1,0,0,0,0,0,0,0,0,0,0,0,0,0,0,0,0,Matches
499,Francisco Trincão,FWMF,Wolves,21,1999,14.8,39,2.63,24,3,9,0,2,1,2,0.13,2,0,0,0,0,0,Matches
500,Kieran Trippier,DF,Newcastle Utd,30,1990,4.8,9,1.89,1,8,0,0,0,0,1,0.21,1,0,0,0,0,0,Matches
501,William Troost-Ekong,DF,Watford,27,1993,15.4,4,0.26,3,0,0,0,0,1,0,0,0,0,0,0,0,0,Matches
502,Leandro Trossard,FWMF,Brighton,26,1994,31.2,91,2.92,65,4,15,4,3,0,10,0.32,6,1,2,0,1,0,Matches
503,Kostas Tsimikas,DF,Liverpool,25,1996,9.7,37,3.8,24,13,0,0,0,0,3,0.31,2,1,0,0,0,0,Matches
504,Axel Tuanzebe,DF,Aston Villa,23,1997,5.6,1,0.18,1,0,0,0,0,0,0,0,0,0,0,0,0,0,Matches
505,Ozan Tufan,MF,Watford,26,1995,3.7,7,1.89,6,1,0,0,0,0,0,0,0,0,0,0,0,0,Matches
506,Christos Tzolis,FWMF,Norwich City,19,2002,3.7,11,2.95,11,0,0,0,0,0,0,0,0,0,0,0,0,0,Matches
507,Yan Valery,DF,Southampton,22,1999,4.1,1,0.24,1,0,0,0,0,0,0,0,0,0,0,0,0,0,Matches
508,Raphaël Varane,DF,Manchester Utd,28,1993,20.3,10,0.49,9,0,0,0,0,1,2,0.1,2,0,0,0,0,0,Matches
509,Jamie Vardy,FW,Leicester City,34,1987,20.1,38,1.89,30,0,2,3,1,2,5,0.25,2,0,2,1,0,0,Matches
510,Joël Veltman,DF,Brighton,29,1992,31.9,36,1.13,29,2,1,1,2,1,2,0.06,2,0,0,0,0,0,Matches
511,Jannik Vestergaard,DF,Leicester City,28,1992,6.3,3,0.48,3,0,0,0,0,0,0,0,0,0,0,0,0,0,Matches
512,Nikola Vlašić,FWMF,West Ham,23,1997,6.2,18,2.89,14,0,2,0,2,0,0,0,0,0,0,0,0,0,Matches
513,Matěj Vydra,FW,Burnley,29,1992,7.5,12,1.59,11,0,0,0,1,0,3,0.4,3,0,0,0,0,0,Matches
514,Theo Walcott,MFFW,Southampton,32,1989,4.2,4,0.95,4,0,0,0,0,0,1,0.24,1,0,0,0,0,0,Matches
515,Kyle Walker,DF,Manchester City,31,1990,19.5,36,1.85,32,0,0,1,3,0,5,0.26,4,0,0,0,1,0,Matches
516,Kyle Walker-Peters,DF,Southampton,24,1997,29.3,61,2.09,42,0,6,3,7,3,8,0.27,5,0,0,0,2,1,Matches
517,Aaron Wan-Bissaka,DF,Manchester Utd,23,1997,19.9,31,1.56,25,0,3,1,1,1,1,0.05,1,0,0,0,0,0,Matches
518,Danny Ward,GK,Leicester City,28,1993,1,1,1,1,0,0,0,0,0,1,1,1,0,0,0,0,0,Matches
519,Joel Ward,DF,Crystal Palace,31,1989,27.6,16,0.58,14,2,0,0,0,0,2,0.07,2,0,0,0,0,0,Matches
520,James Ward-Prowse,MF,Southampton,26,1994,35.7,113,3.16,55,51,0,3,1,3,7,0.2,3,4,0,0,0,0,Matches
521,Ollie Watkins,FW,Aston Villa,25,1995,32.8,72,2.2,51,0,6,7,4,4,8,0.24,3,0,1,2,2,0,Matches
522,Adam Webster,DF,Brighton,26,1995,15.9,10,0.63,10,0,0,0,0,0,1,0.06,1,0,0,0,0,0,Matches
523,Wout Weghorst,FW,Burnley,28,1992,16.1,28,1.74,20,0,3,1,3,1,5,0.31,4,0,1,0,0,0,Matches
524,Danny Welbeck,FW,Brighton,30,1990,16.4,36,2.19,27,0,0,4,5,0,4,0.24,2,0,0,1,1,0,Matches
525,Timo Werner,FWMF,Chelsea,25,1996,14.3,26,1.82,19,0,4,3,0,0,4,0.28,3,0,0,1,0,0,Matches
526,Ashley Westwood,MF,Burnley,31,1990,25.4,55,2.16,33,17,1,2,1,1,7,0.28,5,2,0,0,0,0,Matches
527,Ben White,DF,Arsenal,23,1997,32,25,0.78,18,1,0,4,1,1,1,0.03,1,0,0,0,0,0,Matches
528,Brandon Williams,DF,Norwich City,20,2000,23.6,31,1.32,27,0,0,0,3,1,2,0.08,1,0,0,0,0,1,Matches
529,Neco Williams,DF,Liverpool,20,2001,0.1,2,22.5,1,0,1,0,0,0,2,22.5,1,0,1,0,0,0,Matches
530,Joe Willock,MF,Newcastle Utd,21,1999,22.6,46,2.03,29,0,9,1,5,2,4,0.18,1,0,1,0,2,0,Matches
531,Callum Wilson,FW,Newcastle Utd,29,1992,15.4,20,1.3,18,0,0,1,0,1,0,0,0,0,0,0,0,0,Matches
532,Harry Winks,MF,Tottenham,25,1996,10.1,23,2.27,17,3,1,0,2,0,4,0.39,4,0,0,0,0,0,Matches
533,Yoane Wissa,FWMF,Brentford,24,1996,14.3,19,1.33,13,0,1,1,4,0,4,0.28,2,0,0,1,1,0,Matches
534,Chris Wood,FW,Newcastle Utd,29,1991,14.7,21,1.42,16,0,2,2,1,0,2,0.14,1,0,0,0,1,0,Matches
535,Chris Wood,FW,Burnley,29,1991,15.2,21,1.38,16,0,1,2,2,0,2,0.13,2,0,0,0,0,0,Matches
536,Freddie Woodman,GK,Newcastle Utd,24,1997,4,0,0,0,0,0,0,0,0,0,0,0,0,0,0,0,0,Matches
537,Granit Xhaka,MFDF,Arsenal,28,1992,25.9,79,3.06,72,2,2,1,0,2,3,0.12,3,0,0,0,0,0,Matches
538,Andriy Yarmolenko,FW,West Ham,31,1989,3.5,7,1.99,4,0,2,1,0,0,0,0,0,0,0,0,0,0,Matches
539,Ashley Young,DFFW,Aston Villa,36,1985,13.9,22,1.58,16,3,1,0,1,1,4,0.29,2,1,1,0,0,0,Matches
540,Nathan Young-Coombes,FW,Brentford,18,2003,0,0,0,0,0,0,0,0,0,0,0,0,0,0,0,0,0,Matches
541,Wilfried Zaha,FW,Crystal Palace,28,1992,30.7,104,3.39,73,0,14,8,8,1,12,0.39,6,0,3,2,1,0,Matches
542,Christoph Zimmermann,DF,Norwich City,28,1993,1.7,0,0,0,0,0,0,0,0,0,0,0,0,0,0,0,0,Matches
543,Oleksandr Zinchenko,DF,Manchester City,24,1996,11.6,42,3.61,33,4,2,1,1,1,10,0.86,7,0,1,1,0,1,Matches
544,Hakim Ziyech,FWMF,Chelsea,28,1993,14.7,64,4.37,45,5,6,4,3,1,7,0.48,6,0,1,0,0,0,Matches
545,Kurt Zouma,DF,West Ham,26,1994,23.1,6,0.26,5,0,0,1,0,0,0,0,0,0,0,0,0,0,Matches
546,Martin Ødegaard,MF,Arsenal,22,1998,30.9,134,4.33,105,13,6,7,2,1,12,0.39,12,0,0,0,0,0,Matches